0.0,0.0,0.0,0.0,0.0,0.2,-1.6,0.0,0.0,0.0,0.0,0.0,0.0
-9.269928574751064e-21,2.2450274257991565e-06,-4.737963493761655e-21,-1.3054492639359632e-19,-0.00031678963647954473,0.200300126487175,-1.6000510689173868,2.9046457293558027e-19,4.726373527998238e-05,4.7263735279982026e-05,4.726373527998229e-05,4.726373527998224e-05,0.0
2.69857920731642e-20,8.136727043115566e-06,-5.561957144850638e-21,-1.4679234882342972e-19,-0.0011509553185202785,0.20108917338659274,-1.600184483748639,3.071602146603214e-19,0.0001712995166971685,0.00017129951669716872,0.0001712995166971713,0.00017129951669717062,0.0
8.631333495157101e-20,1.9219851779918855e-05,-2.039384286445234e-20,-8.633862517588331e-19,-0.0027340925270885183,0.2025804604257769,-1.600432382790429,1.779582514488353e-18,0.00040462845852460563,0.00040462845852460617,0.0004046284585246102,0.0004046284585246079,0.0
-1.0979715400760703e-19,3.6710728957176e-05,6.530149684880194e-20,-1.8606853763325363e-18,-0.005274657867452232,0.2049546909679291,-1.6008140595577638,4.181791092391152e-18,0.0007728574517300207,0.0007728574517300217,0.0007728574517300187,0.0007728574517300232,0.0
-4.723543604867597e-19,6.137285201394505e-05,1.0320520479889518e-19,-1.2710671391287946e-18,-0.008953452717406,0.2083487502397562,-1.6013293498546788,4.107358627975314e-18,0.0012920600423988416,0.0012920600423988382,0.0012920600423988408,0.001292060042398853,0.0
-8.810552114268955e-19,9.341962030910647e-05,-6.15935254189015e-20,-3.168680027410189e-18,-0.013919134347869977,0.2128447431191578,-1.60195223092271,8.651546112487901e-18,0.001966728848612771,0.001966728848612754,0.0019667288486127678,0.0019667288486127795,0.0
-7.525122018570141e-19,0.0001324797477712478,-1.7365666196700326e-19,-3.1408463499278278e-18,-0.020284616271813185,0.2184614014901854,-1.6026259009195796,8.546513708088693e-18,0.0027890473214999606,0.002789047321499941,0.002789047321499955,0.0027890473214999597,0.0
-3.5369927472994613e-19,0.00017764600909829455,7.024545875533582e-20,8.106964348818835e-19,-0.028125046749300366,0.2251495138839923,-1.6032603025198857,8.308884290530451e-19,0.003739915981016728,0.0037399159810167252,0.0037399159810167244,0.003739915981016733,0.0
8.78995227299173e-19,0.00022760438198907748,8.013338256840363e-20,4.748072762471397e-18,-0.03747768569320566,0.2327920684391687,-1.6037324614274364,-8.492232270711221e-18,0.004791671199770053,0.004791671199770071,0.0047916711997700485,0.004791671199770038,0.0
7.076045478726645e-19,0.0002808183337919396,-2.3628017944976603e-19,4.827618330860829e-18,-0.048343530218443155,0.24120863015866362,-1.6038893105342842,-8.756487263075527e-18,0.005911964921935586,0.005911964921935587,0.005911964921935567,0.005911964921935547,0.0
7.603401415423594e-19,0.0003357319875434767,-5.7576556369842725e-19,4.722054538575202e-18,-0.060690124087282304,0.25016250314713345,-1.6035521151583714,-8.824097120919994e-18,0.007068041843020586,0.007068041843020575,0.007068041843020562,0.007068041843020526,0.0
1.5118223513355123e-18,0.00039095964385976994,-5.131420462156645e-19,1.2194503880868524e-17,-0.07445475847514638,0.25936876644751544,-1.6025213805547602,-2.4156918143583108e-17,0.008230729344416224,0.008230729344416227,0.008230729344416215,0.00823072934441617,0.0
2.52698252947714e-18,0.0004454433364916665,-7.570441669380036e-19,1.134397583474296e-17,-0.08954726586275441,0.2685013617315803,-1.6005812181498549,-2.44909924815182e-17,0.009377754452456156,0.009377754452456165,0.00937775445245615,0.009377754452456076,0.0
1.775500319683987e-18,0.0004985770484951626,-1.3470236211177157e-18,2.7809859177166168e-18,-0.10585175711093535,0.2771978491248108,-1.5975024367230999,-4.761986577868717e-18,0.010496358915687667,0.01049635891568764,0.010496358915687651,0.010496358915687566,0.0
2.230344815085106e-18,0.0005503101531066598,-1.1459691702520037e-18,-7.45688263202692e-18,-0.12322683583502045,0.2850609381320909,-1.5930439313861506,1.639523609147871e-17,0.011585476907508656,0.011585476907508645,0.01158547690750864,0.011585476907508555,0.0
5.098460716113083e-19,0.0006012522350014714,-9.910583638472748e-19,-5.455893641409167e-18,-0.1415039370005171,0.2916562041004326,-1.586952133874416,1.6038120275036435e-17,0.01265794178950468,0.012657941789504648,0.012657941789504681,0.01265794178950463,0.0
6.944206494552406e-19,0.0006528092452162859,-6.581649288073255e-19,-5.103173501207785e-18,-0.16048340637892478,0.29650538080988603,-1.5789582981035954,1.6113565531786143e-17,0.013743352530869182,0.013743352530869168,0.013743352530869194,0.013743352530869155,0.0
5.691736144897151e-19,0.0007073921470524482,-9.152509479470884e-19,7.416687596898712e-18,-0.17992770880611897,0.29907419485089753,-1.5687731987073559,-1.2804550428820557e-17,0.014892466253735763,0.014892466253735736,0.014892466253735772,0.014892466253735723,0.0
1.024018109890834e-18,0.0007687620890781369,-7.504522177292917e-19,9.899087849462334e-19,-0.1995506377973616,0.2987527464137566,-1.5560783746280036,3.1611510247041336e-18,0.01618446503322394,0.016184465033223926,0.016184465033223953,0.016184465033223905,0.0
4.76886325567749e-19,0.0008426262909055235,-1.330543748095936e-18,8.040002822857442e-18,-0.21900039324740314,0.29482461655027137,-1.5405122310920718,-1.392768474556665e-17,0.017739500861168937,0.017739500861168888,0.017739500861168944,0.017739500861168878,0.0
-1.09179158769292e-20,0.0009377122374651377,-1.6733251069489532e-18,2.064443161604201e-17,-0.23783241502669591,0.286417410373926,-1.5216478216262816,-5.029284916815876e-17,0.019741310262423983,0.019741310262423914,0.019741310262423983,0.01974131026242391,0.0
5.500157621018947e-20,0.0010678197748584164,-1.778796294288343e-18,2.147005319728257e-17,-0.25546375190206916,0.2724205188968585,-1.4989563133840627,-4.9954135614012706e-17,0.022480416312808803,0.02248041631280873,0.022480416312808792,0.022480416312808716,0.0
1.5579659957964953e-18,0.001256064893968676,-2.0424742626368175e-18,2.088188252320457e-17,-0.27109162966501255,0.2513413235449181,-1.471744695940926,-5.0082576390521664e-17,0.02644347145197215,0.02644347145197209,0.026443471451972178,0.026443471451972067,0.0
-8.250854426766765e-18,0.0015446467650923423,-3.8130306204142683e-19,3.3013183831869894e-17,-0.2835373733566847,0.22103981350110227,-1.439046548820035,-5.1107621924386344e-17,0.03251887926510192,0.03251887926510177,0.03251887926510197,0.032518879265102094,0.0
-6.985200178694085e-18,0.002020812996368389,-1.6996929037838002e-18,3.8073165833428975e-17,-0.2909257185748142,0.17822370750014147,-1.3994379243857211,-5.0573336885510196e-17,0.042543431502492374,0.042543431502492186,0.042543431502492485,0.04254343150249254,0.0
-8.989152738142493e-18,0.002900535043183583,1.1480291543797262e-18,2.8296426066035494e-17,-0.2900340304350461,0.12822370750014145,-1.3508818770496331,-1.1506426031867286e-17,0.06106389564597012,0.061063895645970014,0.06106389564597015,0.06106389564597036,0.0
-1.7848732474651243e-17,0.004623031414159038,-2.22704884048075e-18,5.622835647743776e-17,-0.27839889103647747,0.07822370750014145,-1.300881877049633,-1.1444120011272186e-17,0.09732697714019045,0.09732697714019006,0.0973269771401902,0.09732697714019042,0.0
-1.7848732474651243e-17,0.006998031414159039,-2.22704884048075e-18,1.7005804196662398e-16,-0.25988462007793894,0.028223707500141443,-1.250881877049633,-2.2362347348770235e-17,0.14732697714019044,0.14732697714019005,0.14732697714019022,0.14732697714019044,0.0
-1.7848732474651243e-17,0.009373031414159039,-2.22704884048075e-18,1.3451596331251934e-16,-0.25404970090034695,-0.02177629249985856,-1.2189069742779306,4.7937301178200784e-17,0.19732697714019043,0.19732697714019004,0.1973269771401902,0.19732697714019043,0.0
-1.7848732474651243e-17,0.01174803141415904,-2.22704884048075e-18,1.6086533053302263e-16,-0.2913239919160898,0.014067161812991169,-1.2371478865409553,6.85119019894533e-17,0.24732697714019042,0.24732697714019003,0.2473269771401902,0.24732697714019042,0.0
-1.7848732474651243e-17,0.01412303141415904,-2.22704884048075e-18,2.2234885716155467e-16,-0.29665417013311435,-0.01927131536649776,-1.2179708179982816,6.841506068936791e-17,0.2973269771401904,0.29732697714019,0.2973269771401902,0.2973269771401904,0.0
-1.7848732474651243e-17,0.01649803141415904,-2.22704884048075e-18,2.93428704028464e-16,-0.332816387755898,0.012131985956484945,-1.2325705581676445,6.482940012126225e-17,0.3473269771401904,0.34732697714019,0.3473269771401902,0.3473269771401904,0.0
-1.7848732474651243e-17,0.01887303141415904,-2.22704884048075e-18,3.638424367105949e-16,-0.34107303250211835,-0.017298454392892813,-1.2141486581126355,3.068255632443419e-17,0.3973269771401904,0.39732697714019,0.39732697714019016,0.3973269771401904,0.0
-1.7848732474651243e-17,0.021248031414159037,-2.22704884048075e-18,4.921263492606277e-16,-0.37661286761875595,0.010366619649916232,-1.2254780198172264,2.9768695613292936e-17,0.4473269771401904,0.44732697714019,0.44732697714019015,0.4473269771401904,0.0
-1.7848732474651243e-17,0.023623031414159036,-2.22704884048075e-18,5.06155499958194e-16,-0.3877301606343086,-0.015459904996373237,-1.2077032799711926,3.3754779152169704e-17,0.49732697714019036,0.49732697714019,0.49732697714019014,0.49732697714019036,0.0
-1.7848732474651243e-17,0.025998031414159035,-2.22704884048075e-18,7.602138307873312e-16,-0.4227492092420482,0.008597700753381995,-1.215896094769086,-1.2638869611245032e-17,0.5473269771401904,0.54732697714019,0.5473269771401902,0.5473269771401904,0.0
-1.7848732474651243e-17,0.028373031414159033,-2.22704884048075e-18,8.264313374412114e-16,-0.4367120004379682,-0.013644992939986719,-1.198845026353919,-1.2734220911646984e-17,0.5973269771401905,0.59732697714019,0.5973269771401902,0.5973269771401905,0.0
-1.7848732474651243e-17,0.030748031414159032,-2.22704884048075e-18,9.53207929474187e-16,-0.47118673118646676,0.006812249514424676,-1.203992345750408,8.176992772218219e-17,0.6473269771401905,0.64732697714019,0.6473269771401903,0.6473269771401905,0.0
-1.7848732474651243e-17,0.03312303141415903,-2.22704884048075e-18,1.0678804747694146e-15,-0.48793130835595594,-0.011862520305153324,-1.1877541400461047,7.942567927264575e-18,0.6973269771401905,0.6973269771401901,0.6973269771401903,0.6973269771401905,0.0
-1.7848732474651243e-17,0.03549803141415903,-2.22704884048075e-18,1.0941057586512708e-15,-0.5218262264784919,0.0050686889217004365,-1.1899899765295736,7.247707344427624e-18,0.7473269771401906,0.7473269771401901,0.7473269771401904,0.7473269771401906,0.0
-1.7848732474651243e-17,0.037873031414159035,-2.22704884048075e-18,1.1404764706977954e-15,-0.541200081269514,-0.010170823680033626,-1.1745931408010746,3.307854147854823e-17,0.7973269771401906,0.7973269771401902,0.7973269771401904,0.7973269771401906,0.0
-1.7848732474651243e-17,0.04024803141415904,-2.22704884048075e-18,1.146367678850291e-15,-0.5745141736320577,0.0034472823317518754,-1.174126118731565,3.344744037704385e-17,0.8473269771401907,0.8473269771401902,0.8473269771401905,0.8473269771401907,0.0
-1.7848732474651243e-17,0.04262303141415904,-2.22704884048075e-18,1.2824039415704615e-15,-0.5962721791117946,-0.008635569699496456,-1.159519293036862,4.364699637934294e-18,0.8973269771401907,0.8973269771401903,0.8973269771401905,0.8973269771401907,0.0
-1.7848732474651243e-17,0.04499803141415904,-2.22704884048075e-18,1.4177773555999479e-15,-0.6290458854722754,0.0020179999908744133,-1.1566283784621576,-2.6349519482357522e-17,0.9473269771401908,0.9473269771401903,0.9473269771401905,0.9473269771401908,0.0
-1.7848732474651243e-17,0.04737303141415904,-2.22704884048075e-18,1.664191803514176e-15,-0.6528702962720079,-0.007304366675793778,-1.14269390049573,6.131886528036619e-17,0.9973269771401908,0.9973269771401904,0.9973269771401906,0.9973269771401908,0.0
-1.7848732474651243e-17,0.049748031414159045,-2.22704884048075e-18,1.9883022962823277e-15,-0.6851703306040031,0.0008233993922256745,-1.1377029167822719,1.1641576292197242e-16,1.0473269771401907,1.0473269771401903,1.0473269771401905,1.0473269771401907,0.0
-1.7848732474651243e-17,0.05212303141415905,-2.22704884048075e-18,2.1028090599850445e-15,-0.7107019606479602,-0.00619637727278671,-1.124285945605538,8.628201366919422e-17,1.0973269771401908,1.0973269771401903,1.0973269771401906,1.0973269771401908,0.0
-1.7848732474651243e-17,0.05449803141415905,-2.22704884048075e-18,2.1588153676098436e-15,-0.7425982086603067,-0.00012497302749053286,-1.1175313337964117,5.4622002899783543e-17,1.1473269771401908,1.1473269771401904,1.1473269771401906,1.1473269771401908,0.0
-1.7848732474651243e-17,0.05687303141415905,-2.22704884048075e-18,2.3970428513543585e-15,-0.7694673883879645,-0.005303818273562138,-1.1044706685073058,1.4682697194512879e-16,1.1973269771401909,1.1973269771401904,1.1973269771401907,1.1973269771401909,0.0
-1.7848732474651243e-17,0.059248031414159054,-2.22704884048075e-18,2.3259627975315587e-15,-0.8010120816452289,-0.0008408199292145955,-1.096273671112987,1.5065450758284225e-16,1.247326977140191,1.2473269771401905,1.2473269771401907,1.247326977140191,0.0
-1.7848732474651243e-17,0.061623031414159056,-2.22704884048075e-18,2.450280140894677e-15,-0.8288620673551091,-0.004600163926642187,-1.0834256465654928,8.193480686164357e-17,1.297326977140191,1.2973269771401905,1.2973269771401907,1.297326977140191,0.0
-1.7848732474651243e-17,0.06399803141415905,-2.22704884048075e-18,2.5042309890849757e-15,-0.8600763567844788,-0.0013533681668097186,-1.074074565247929,7.869110828176865e-17,1.347326977140191,1.3473269771401906,1.3473269771401908,1.347326977140191,0.0
-1.7848732474651243e-17,0.06637303141415905,-2.22704884048075e-18,2.630136388710275e-15,-0.8885767787414773,-0.004049916959265791,-1.0613270036160185,7.60467238874719e-17,1.397326977140191,1.3973269771401906,1.3973269771401908,1.397326977140191,0.0
-1.7848732474651243e-17,0.06874803141415906,-2.22704884048075e-18,2.655843639353016e-15,-0.9194454412963865,-0.0016980367412176207,-1.051070058248446,1.428413422833866e-16,1.447326977140191,1.4473269771401907,1.4473269771401909,1.447326977140191,0.0
-1.7848732474651243e-17,0.07112303141415906,-2.22704884048075e-18,2.8523665933164825e-15,-0.9482970226299197,-0.0036166035010015184,-1.038347291155758,1.9785850866684116e-16,1.4973269771401911,1.4973269771401907,1.497326977140191,1.4973269771401911,0.0
-1.7848732474651243e-17,0.07349803141415906,-2.22704884048075e-18,2.7577246628145608e-15,-0.9787694694871034,-0.0019097355256714609,-1.0273935750409025,1.8134855331238268e-16,1.5473269771401912,1.5473269771401907,1.547326977140191,1.5473269771401912,0.0
-1.7848732474651243e-17,0.07587303141415906,-2.22704884048075e-18,2.8223071917818274e-15,-1.0077028733801325,-0.0032677636477658244,-1.0146553769048063,1.5684155698806422e-16,1.5973269771401912,1.5973269771401908,1.597326977140191,1.5973269771401912,0.0
-1.7848732474651243e-17,0.07824803141415906,-2.22704884048075e-18,3.24429854624022e-15,-1.0376978678668736,-0.002019173841628903,-1.0031805424606444,2.059460656720174e-16,1.6473269771401913,1.6473269771401908,1.647326977140191,1.6473269771401913,0.0
-1.7848732474651243e-17,0.08062303141415907,-2.22704884048075e-18,3.463419787297628e-15,-1.066469563544877,-0.002977171900203606,-0.9904179155626096,2.513711315526138e-16,1.6973269771401913,1.6973269771401909,1.697326977140191,1.6973269771401913,0.0
-1.7848732474651243e-17,0.08299803141415907,-2.22704884048075e-18,3.637486034168474e-15,-1.0958814274385968,-0.0020515350977443015,-0.9785717215850129,3.025622619534395e-16,1.7473269771401914,1.747326977140191,1.7473269771401911,1.7473269771401914,0.0
-1.7848732474651243e-17,0.08537303141415907,-2.22704884048075e-18,3.633017609743534e-15,-1.1242687233487076,-0.0027251372258671807,-0.9658017122624437,3.0675716658749146e-16,1.7973269771401914,1.797326977140191,1.7973269771401912,1.7973269771401914,0.0
-1.7848732474651243e-17,0.08774803141415907,-2.22704884048075e-18,3.931133834709655e-15,-1.1529735950784719,-0.0020266003528756865,-0.9537155371464514,4.962380988234153e-16,1.8473269771401915,1.847326977140191,1.8473269771401912,1.8473269771401915,0.0
-1.7848732474651243e-17,0.09012303141415907,-2.22704884048075e-18,4.31052084227584e-15,-1.180770117163553,-0.002497758927684275,-0.9409763318093548,5.039880282435083e-16,1.8973269771401915,1.897326977140191,1.8973269771401913,1.8973269771401915,0.0
-1.7848732474651243e-17,0.09249803141415908,-2.22704884048075e-18,4.505532163774955e-15,-1.2086315697939893,-0.0019595471832110968,-0.9287696554920647,4.661681215143777e-16,1.9473269771401915,1.947326977140191,1.9473269771401913,1.9473269771401915,0.0
-1.7848732474651243e-17,0.09487303141415908,-2.22704884048075e-18,4.498219248114095e-15,-1.2356437845543518,-0.0022857833044717325,-0.9161164584111136,4.613806572478609e-16,1.9973269771401916,1.9973269771401911,1.9973269771401914,1.9973269771401916,0.0
-1.7848732474651243e-17,0.09724803141415908,-2.22704884048075e-18,4.511510002338582e-15,-1.2625176367268662,-0.0018619217241938536,-0.9039019318930658,4.0950418898367607e-16,2.0473269771401914,2.047326977140191,2.0473269771401914,2.0473269771401914,0.0
-1.7848732474651243e-17,0.09962303141415908,-2.22704884048075e-18,4.777942962418437e-15,-1.2885626050049772,-0.0020834408593935223,-0.8914036534236148,4.102995956153309e-16,2.0973269771401912,2.097326977140191,2.0973269771401912,2.0973269771401912,0.0
-1.7848732474651243e-17,0.10199803141415908,-2.22704884048075e-18,4.885343463073482e-15,-1.3143010573298672,-0.001742524174985527,-0.8792907102361787,4.109924345756957e-16,2.147326977140191,2.1473269771401906,2.147326977140191,2.147326977140191,0.0
-1.7848732474651243e-17,0.10437303141415909,-2.22704884048075e-18,5.1660478094742266e-15,-1.3392054061646421,-0.0018874416770855646,-0.8670272512236575,4.725948676176277e-16,2.197326977140191,2.1973269771401904,2.197326977140191,2.197326977140191,0.0
-1.7848732474651243e-17,0.10674803141415909,-2.22704884048075e-18,5.514943155063083e-15,-1.363660769132289,-0.0016081114219715763,-0.8551243518422439,5.082458020998184e-16,2.2473269771401907,2.2473269771401903,2.2473269771401907,2.2473269771401907,0.0
-1.7848732474651243e-17,0.10912303141415909,-2.22704884048075e-18,5.554423499552879e-15,-1.3872608053955593,-0.0016961837127582606,-0.8431841791199275,4.612354124442616e-16,2.2973269771401905,2.29732697714019,2.2973269771401905,2.2973269771401905,0.0
-1.7848732474651243e-17,0.1114980314141591,-2.22704884048075e-18,6.0337589359128855e-15,-1.4102891177523897,-0.0014639106945110473,-0.8315998042319022,6.537162687311792e-16,2.3473269771401903,2.34732697714019,2.3473269771401903,2.3473269771401903,0.0
-1.7848732474651243e-17,0.1138730314141591,-2.22704884048075e-18,6.324876801304623e-15,-1.4324320099867573,-0.0015091670503259956,-0.8200775075324127,7.595308389107953e-16,2.39732697714019,2.3973269771401897,2.39732697714019,2.39732697714019,0.0
-1.7848732474651243e-17,0.1162480314141591,-2.22704884048075e-18,6.55054487007486e-15,-1.453896824435603,-0.001313979019448801,-0.8089199939799888,8.615469685600899e-16,2.44732697714019,2.4473269771401895,2.44732697714019,2.44732697714019,0.0
-1.7848732474651243e-17,0.1186230314141591,-2.22704884048075e-18,6.9320524754505735e-15,-1.4744428023258465,-0.001326582494029963,-0.7979135557523437,1.0028505085672572e-15,2.49732697714019,2.4973269771401894,2.49732697714019,2.49732697714019,0.0
-1.7848732474651243e-17,0.1209980314141591,-2.22704884048075e-18,7.10994432377155e-15,-1.49421936253592,-0.0011614571054120336,-0.787289839581756,1.0370094028792413e-15,2.5473269771401896,2.547326977140189,2.5473269771401896,2.5473269771401896,0.0
-1.7848732474651243e-17,0.1233730314141591,-2.22704884048075e-18,7.368482723339281e-15,-1.5130449002579835,-0.0011490365352165959,-0.7768974171860462,1.312388966682796e-15,2.5973269771401895,2.597326977140189,2.5973269771401895,2.5973269771401895,0.0
-1.7848732474651243e-17,0.1257480314141591,-2.22704884048075e-18,7.589093181654604e-15,-1.5310248588535138,-0.0010087678678420819,-0.766910732763752,1.3320652208706759e-15,2.6473269771401893,2.647326977140189,2.6473269771401893,2.6473269771401893,0.0
-1.7848732474651243e-17,0.1281230314141591,-2.22704884048075e-18,7.87705567831204e-15,-1.5480268055264732,-0.0009773765535811263,-0.7572268404301781,1.4353296302370595e-15,2.697326977140189,2.6973269771401887,2.697326977140189,2.697326977140189,0.0
-1.7848732474651243e-17,0.13049803141415908,-2.22704884048075e-18,8.119384157135179e-15,-1.5641235405725522,-0.0008578054038095068,-0.7479734334774669,1.6241850139288138e-15,2.747326977140189,2.7473269771401885,2.747326977140189,2.747326977140189,0.0
-1.7848732474651243e-17,0.13287303141415907,-2.22704884048075e-18,8.545093179891393e-15,-1.5792241315478917,-0.0008125874712089009,-0.7390845143191177,1.9249365520182958e-15,2.7973269771401887,2.7973269771401883,2.7973269771401887,2.7973269771401887,0.0
-1.7848732474651243e-17,0.13524803141415906,-2.22704884048075e-18,8.958524360524089e-15,-1.5933786154556213,-0.0007101494572533145,-0.7306494654294674,1.9298870180173366e-15,2.8473269771401886,2.847326977140188,2.8473269771401886,2.8473269771401886,0.0
-1.7848732474651243e-17,0.13762303141415905,-2.22704884048075e-18,9.189336549948062e-15,-1.6065312392596958,-0.0006557459920469581,-0.722628950669594,2.079933503067977e-15,2.8973269771401884,2.897326977140188,2.8973269771401884,2.8973269771401884,0.0
-1.7848732474651243e-17,0.13999803141415904,-2.22704884048075e-18,9.272472716321391e-15,-1.618718313305487,-0.0005673205378339062,-0.7150812767102165,2.01508369726318e-15,2.947326977140188,2.9473269771401878,2.947326977140188,2.947326977140188,0.0
-1.7848732474651243e-17,0.14237303141415902,-2.22704884048075e-18,9.368109575288665e-15,-1.629913822717578,-0.000508041345978394,-0.7079843210886511,2.0014098480254444e-15,2.997326977140188,2.9973269771401876,2.997326977140188,2.997326977140188,0.0
-1.7848732474651243e-17,0.144748031414159,-2.22704884048075e-18,9.740350896573661e-15,-1.6401486525470041,-0.0004310643385890604,-0.7013716192898747,2.0190450824628707e-15,3.047326977140188,3.0473269771401874,3.047326977140188,3.047326977140188,0.0
-1.7848732474651243e-17,0.147123031414159,-2.22704884048075e-18,9.831118401428737e-15,-1.649421908723301,-0.0003708924373300619,-0.6952297593040342,2.0611446921029613e-15,3.0973269771401877,3.0973269771401872,3.0973269771401877,3.0973269771401877,0.0
-1.7848732474651243e-17,0.149498031414159,-2.22704884048075e-18,1.028635000817837e-14,-1.657766356132652,-0.00030363461858345,-0.6895727590870537,2.0126625330924734e-15,3.1473269771401875,3.147326977140187,3.1473269771401875,3.1473269771401875,0.0
-1.7848732474651243e-17,0.15187303141415898,-2.22704884048075e-18,1.0611179398351296e-14,-1.6652026163354952,-0.0002461894315987743,-0.6843887596988157,2.134716119231352e-15,3.1973269771401873,3.197326977140187,3.1973269771401873,3.1973269771401873,0.0
-1.7848732474651243e-17,0.15424803141415896,-2.22704884048075e-18,1.0870584005314295e-14,-1.67177125906448,-0.00018804875600036752,-0.6796762042236297,2.276594558973506e-15,3.247326977140187,3.2473269771401867,3.247326977140187,3.247326977140187,0.0
-1.7848732474651243e-17,0.15662303141415895,-2.22704884048075e-18,1.1130161345097518e-14,-1.6775120103293448,-0.00013664730161968102,-0.6754193541632886,2.5429484171816275e-15,3.297326977140187,3.2973269771401865,3.297326977140187,3.297326977140187,0.0
-1.7848732474651243e-17,0.15899803141415894,-2.22704884048075e-18,1.1245247778616019e-14,-1.6824775631592253,-8.831638632036493e-05,-0.6716035987543085,2.528202066782898e-15,3.347326977140187,3.3473269771401863,3.347326977140187,3.347326977140187,0.0
-1.7848732474651243e-17,0.16137303141415893,-2.22704884048075e-18,1.1667213533118628e-14,-1.6867254989564169,-4.6194118442304086e-05,-0.668205697124763,2.5423608846346907e-15,3.3973269771401866,3.397326977140186,3.3973269771401866,3.3973269771401866,0.0
-1.7848732474651243e-17,0.16374803141415892,-2.22704884048075e-18,1.2061367459912425e-14,-1.6903234386344699,-9.649806959685754e-06,-0.6651992763091852,2.802024817386756e-15,3.4473269771401864,3.447326977140186,3.4473269771401864,3.4473269771401864,0.0
-1.7848732474651243e-17,0.1661230314141589,-2.22704884048075e-18,1.2380325582229153e-14,-1.6933464558984395,1.973224771558802e-05,-0.6625515076237323,2.9036225904685605e-15,3.4973269771401863,3.497326977140186,3.4973269771401863,3.4973269771401863,0.0
-1.7848732474651243e-17,0.1684980314141589,-2.22704884048075e-18,1.2677112935358601e-14,-1.6958787555249577,4.138763803333656e-05,-0.6602247366114348,3.0105637103328866e-15,3.547326977140186,3.5473269771401856,3.547326977140186,3.547326977140186,0.0
-1.7848732474651243e-17,0.17087303141415888,-2.22704884048075e-18,1.281321915104181e-14,-1.6980130552318577,5.412138569424174e-05,-0.6581755239552822,3.023932112165966e-15,3.597326977140186,3.5973269771401855,3.597326977140186,3.597326977140186,0.0
-1.7848732474651243e-17,0.17324803141415887,-2.22704884048075e-18,1.2909015637369207e-14,-1.699851107711483,5.694261670170081e-05,-0.6563550312810288,3.0824978357742247e-15,3.6473269771401857,3.6473269771401853,3.6473269771401857,3.6473269771401857,0.0
-1.7848732474651243e-17,0.17562303141415886,-2.22704884048075e-18,1.3245442896780265e-14,-1.7014882388915014,5.1534318326897534e-05,-0.6547170211842892,3.286871559114017e-15,3.6973269771401855,3.697326977140185,3.6973269771401855,3.6973269771401855,0.0
-1.7848732474651243e-17,0.17799803141415885,-2.22704884048075e-18,1.3519341206056389e-14,-1.702963340716586,4.736368922465667e-05,-0.6532418251735903,3.347960322318982e-15,3.7473269771401854,3.747326977140185,3.7473269771401854,3.7473269771401854,0.0
-1.7848732474651243e-17,0.18037303141415884,-2.22704884048075e-18,1.3610152610157817e-14,-1.7042965459633705,4.3470217535940435e-05,-0.6519083952542565,3.4689001666884447e-15,3.797326977140185,3.7973269771401847,3.797326977140185,3.797326977140185,0.0
-1.7848732474651243e-17,0.18274803141415882,-2.22704884048075e-18,1.3924695646144437e-14,-1.7055075731748182,4.0197776330129944e-05,-0.6506973975208286,3.597998974516366e-15,3.847326977140185,3.8473269771401846,3.847326977140185,3.847326977140185,0.0
-1.7848732474651243e-17,0.1851230314141588,-2.22704884048075e-18,1.4171997822378251e-14,-1.7066141367175538,3.737786615310479e-05,-0.6495909857952188,3.6788009486630215e-15,3.897326977140185,3.8973269771401844,3.897326977140185,3.897326977140185,0.0
-1.7848732474651243e-17,0.1874980314141588,-2.22704884048075e-18,1.4483626596108378e-14,-1.7076324196851698,3.50239404035681e-05,-0.6485730234564258,3.8123755460029876e-15,3.9473269771401847,3.947326977140184,3.9473269771401847,3.9473269771401847,0.0
-1.7848732474651243e-17,0.1898730314141588,-2.22704884048075e-18,1.467157111447398e-14,-1.7085770986613726,3.309299613999453e-05,-0.6476288206350749,3.9086141549505505e-15,3.9973269771401845,3.997326977140184,3.9973269771401845,3.9973269771401845,0.0
-1.7848732474651243e-17,0.19224803141415878,-2.22704884048075e-18,1.49742891803019e-14,-1.7094615026904187,3.156250126893359e-05,-0.6467450525003613,4.0117616973146725e-15,4.047326977140185,4.047326977140184,4.047326977140185,4.047326977140185,0.0
-1.7848732474651243e-17,0.19462303141415876,-2.22704884048075e-18,1.5162746010445395e-14,-1.7102977139855746,3.0406598964052317e-05,-0.6459096350531839,3.986076558420041e-15,4.097326977140185,4.097326977140184,4.097326977140185,4.097326977140185,0.0
-1.7848732474651243e-17,0.19699803141415875,-2.22704884048075e-18,1.539166624985171e-14,-1.711096672494172,2.960267496106855e-05,-0.6451116273958383,4.009260510772584e-15,4.147326977140184,4.1473269771401835,4.147326977140184,4.147326977140184,0.0
-1.7848732474651243e-17,0.19937303141415874,-2.22704884048075e-18,1.5466978927250216e-14,-1.7118682671882337,2.912936114603015e-05,-0.6443411386856912,4.046760533310495e-15,4.197326977140184,4.197326977140183,4.197326977140184,4.197326977140184,0.0
-1.7848732474651243e-17,0.20174803141415873,-2.22704884048075e-18,1.559309607472337e-14,-1.7126214200290433,2.8966830640326538e-05,-0.6435892446823324,4.102465937521784e-15,4.247326977140184,4.247326977140183,4.247326977140184,4.247326977140184,0.0
-1.7848732474651243e-17,0.20412303141415872,-2.22704884048075e-18,1.603516889460264e-14,-1.7133641620947337,2.909654782296464e-05,-0.6428479115649858,4.296513920268565e-15,4.297326977140184,4.297326977140183,4.297326977140184,4.297326977140184,0.0
-1.7848732474651243e-17,0.2064980314141587,-2.22704884048075e-18,1.6290819525159737e-14,-1.7141037029237631,2.950116166869787e-05,-0.6421099266578469,4.384388241604137e-15,4.347326977140184,4.347326977140183,4.347326977140184,4.347326977140184,0.0
-1.7848732474651243e-17,0.2088730314141587,-2.22704884048075e-18,1.654042020997156e-14,-1.7148464936637258,3.0164385170683313e-05,-0.6413688353186265,4.389199771723673e-15,4.3973269771401835,4.397326977140183,4.3973269771401835,4.3973269771401835,0.0
-1.7848732474651243e-17,0.21124803141415868,-2.22704884048075e-18,1.6631713107589503e-14,-1.7155982846395639,3.107089207997504e-05,-0.6406188834092144,4.414956289942481e-15,4.447326977140183,4.447326977140182,4.447326977140183,4.447326977140183,0.0
-1.7848732474651243e-17,0.21362303141415867,-2.22704884048075e-18,1.6879060483674636e-14,-1.7163641778801444,3.22062236635193e-05,-0.6398549648037822,4.5765660815122125e-15,4.497326977140183,4.497326977140182,4.497326977140183,4.497326977140183,0.0
-1.7848732474651243e-17,0.21599803141415866,-2.22704884048075e-18,1.7079024160157697e-14,-1.7171486750937806,3.355670556104726e-05,-0.6390725734452516,4.600454350274799e-15,4.547326977140183,4.547326977140182,4.547326977140183,4.547326977140183,0.0
-1.7848732474651243e-17,0.21837303141415865,-2.22704884048075e-18,1.737229574370269e-14,-1.7179557215358658,3.510937373402665e-05,-0.6382677595072267,4.696936288991504e-15,4.597326977140183,4.597326977140182,4.597326977140183,4.597326977140183,0.0
-1.7848732474651243e-17,0.22074803141415864,-2.22704884048075e-18,1.7701525113457894e-14,-1.7187887461693068,3.6851908723716274e-05,-0.637437089261074,4.807152573190153e-15,4.647326977140183,4.647326977140182,4.647326977140183,4.647326977140183,0.0
-1.7848732474651243e-17,0.22312303141415862,-2.22704884048075e-18,1.803171494997692e-14,-1.7196506984799618,3.877257750668692e-05,-0.6365776082862706,4.900808039203617e-15,4.697326977140182,4.6973269771401815,4.697326977140182,4.697326977140182,0.0
-1.7848732474651243e-17,0.2254980314141586,-2.22704884048075e-18,1.824244464303389e-14,-1.7205440822744047,4.0860182352027465e-05,-0.635686807697035,5.008057053078122e-15,4.747326977140182,4.747326977140181,4.747326977140182,4.747326977140182,0.0
-1.7848732474651243e-17,0.2278730314141586,-2.22704884048075e-18,1.8442064407438008e-14,-1.7214709867557145,4.310401608277229e-05,-0.6347625930897819,5.074947306883656e-15,4.797326977140182,4.797326977140181,4.797326977140182,4.797326977140182,0.0
-1.7848732474651243e-17,0.2302480314141586,-2.22704884048075e-18,1.866002141064061e-14,-1.722433115144396,4.549382322827107e-05,-0.6338032559445392,5.2070357923168784e-15,4.847326977140182,4.847326977140181,4.847326977140182,4.847326977140182,0.0
-1.7848732474651243e-17,0.23262303141415858,-2.22704884048075e-18,1.882151018807771e-14,-1.723431811085662,4.8019766623848166e-05,-0.6328074472393327,5.3276788393153705e-15,4.897326977140182,4.897326977140181,4.897326977140182,4.897326977140182,0.0
-1.7848732474651243e-17,0.23499803141415856,-2.22704884048075e-18,1.9120582516831465e-14,-1.7244680830608814,5.067239901581689e-05,-0.6317741530599025,5.4689655653314496e-15,4.9473269771401815,4.947326977140181,4.9473269771401815,4.9473269771401815,0.0
-1.7848732474651243e-17,0.23737303141415855,-2.22704884048075e-18,1.941770267856631e-14,-1.7255426269998264,5.3442639301469226e-05,-0.6307026720083011,5.4465528536762894e-15,4.997326977140181,4.9973269771401805,4.997326977140181,4.997326977140181,0.0
-1.7848732474651243e-17,0.23974803141415854,-2.22704884048075e-18,1.9609012092418172e-14,-1.7266558472712452,5.632175306635945e-05,-0.6295925942329992,5.504328619041889e-15,5.047326977140181,5.04732697714018,5.047326977140181,5.047326977140181,0.0
-1.7848732474651243e-17,0.24212303141415853,-2.22704884048075e-18,1.9831096347636423e-14,-1.7278078762119697,5.9301337081378476e-05,-0.6284437819204065,5.6061398906172206e-15,5.097326977140181,5.09732697714018,5.097326977140181,5.097326977140181,0.0
-1.7848732474651243e-17,0.24449803141415852,-2.22704884048075e-18,2.0056029036239898e-14,-1.7289985923392115,6.237330750512294e-05,-0.6272563511032933,5.711940457848719e-15,5.147326977140181,5.14732697714018,5.147326977140181,5.147326977140181,0.0
-1.7848732474651243e-17,0.2468730314141585,-2.22704884048075e-18,2.038267375965686e-14,-1.7302276373766021,6.552989154540365e-05,-0.6260306546556773,5.847013919467063e-15,5.197326977140181,5.19732697714018,5.197326977140181,5.197326977140181,0.0
-1.7848732474651243e-17,0.2492480314141585,-2.22704884048075e-18,2.060921949377171e-14,-1.7314944322118155,6.876362230507794e-05,-0.6247672663563844,5.844749052124596e-15,5.2473269771401805,5.24732697714018,5.2473269771401805,5.2473269771401805,0.0
-1.7848732474651243e-17,0.2516230314141585,-2.22704884048075e-18,2.082414409261265e-14,-1.7327981918922186,7.206733671481562e-05,-0.6234669659150359,5.999575724092721e-15,5.29732697714018,5.297326977140179,5.29732697714018,5.29732697714018,0.0
-1.7848732474651243e-17,0.2539980314141585,-2.22704884048075e-18,2.0997079586978444e-14,-1.7341379397546288,7.54341762772819e-05,-0.6221307248643688,6.075463082827254e-15,5.34732697714018,5.347326977140179,5.34732697714018,5.34732697714018,0.0
-1.7848732474651243e-17,0.2563730314141585,-2.22704884048075e-18,2.1209118185897685e-14,-1.735512520775973,7.885759057330956e-05,-0.620759693232283,6.143544128599518e-15,5.39732697714018,5.397326977140179,5.39732697714018,5.39732697714018,0.0
-1.7848732474651243e-17,0.25874803141415853,-2.22704884048075e-18,2.1343891578217304e-14,-1.7369206142232838,8.233134336948171e-05,-0.6193551869152344,6.237500510384631e-15,5.44732697714018,5.447326977140179,5.44732697714018,5.44732697714018,0.0
-1.7848732474651243e-17,0.26112303141415855,-2.22704884048075e-18,2.1504069066857394e-14,-1.738360745673932,8.584952128914099e-05,-0.6179186756822255,6.239792406187572e-15,5.49732697714018,5.497326977140179,5.49732697714018,5.49732697714018,0.0
-1.7848732474651243e-17,0.26349803141415856,-2.22704884048075e-18,2.1730698654421087e-14,-1.7398312984701823,8.940654497362023e-05,-0.6164517717454074,6.271436226964e-15,5.547326977140179,5.5473269771401785,5.547326977140179,5.547326977140179,0.0
-1.7848732474651243e-17,0.2658730314141586,-2.22704884048075e-18,2.1884633933998895e-14,-1.741330524666084,9.299718276778797e-05,-0.6149562188394728,6.3650866507709625e-15,5.597326977140179,5.597326977140178,5.597326977140179,5.597326977140179,0.0
-1.7848732474651243e-17,0.2682480314141586,-2.22704884048075e-18,2.2043062202323853e-14,-1.742856555519189,9.661656694601871e-05,-0.6134338817575017,6.42280165378633e-15,5.647326977140179,5.647326977140178,5.647326977140179,5.647326977140179,0.0
-1.7848732474651243e-17,0.2706230314141586,-2.22704884048075e-18,2.220254570352443e-14,-1.7444074115746349,0.00010026021256966365,-0.6118867362959396,6.438713103462985e-15,5.697326977140179,5.697326977140178,5.697326977140179,5.697326977140179,0.0
-1.7848732474651243e-17,0.2729980314141586,-2.22704884048075e-18,2.2360257227987876e-14,-1.7459810123847097,0.00010392403914209818,-0.6103168595658715,6.47027130014528e-15,5.747326977140179,5.747326977140178,5.747326977140179,5.747326977140179,0.0
-1.7848732474651243e-17,0.27537303141415864,-2.22704884048075e-18,2.2523799208354768e-14,-1.7475751859029574,0.0001076043952359666,-0.6087264206318082,6.520166194954654e-15,5.7973269771401785,5.797326977140178,5.7973269771401785,5.7973269771401785,0.0
-1.7848732474651243e-17,0.27774803141415866,-2.22704884048075e-18,2.2685790798337788e-14,-1.7491876775883,0.00011129808639176527,-0.6071176714429027,6.564200649404514e-15,5.847326977140178,5.8473269771401775,5.847326977140178,5.847326977140178,0.0
-1.7848732474651243e-17,0.2801230314141587,-2.22704884048075e-18,2.272500212648056e-14,-1.7508161592513913,0.0001150024066602638,-0.6054929380248332,6.544114319967193e-15,5.897326977140178,5.897326977140177,5.897326977140178,5.897326977140178,0.0
-1.7848732474651243e-17,0.2824980314141587,-2.22704884048075e-18,2.2911588586015703e-14,-1.752458237672466,0.00011871517420987838,-0.6038546119035861,6.567334478571898e-15,5.947326977140178,5.947326977140177,5.947326977140178,5.947326977140178,0.0
-1.7848732474651243e-17,0.2848730314141587,-2.22704884048075e-18,2.3056037219568104e-14,-1.7541114630173145,0.00012243477163187123,-0.60220514173521,6.54701870725964e-15,5.997326977140178,5.997326977140177,5.997326977140178,5.997326977140178,0.0
-1.7848732474651243e-17,0.2872480314141587,-2.22704884048075e-18,2.3245466086023487e-14,-1.755773337075617,0.00012616019161035646,-0.6005470251180313,6.606658206838009e-15,6.047326977140178,6.047326977140177,6.047326977140178,6.047326977140178,0.0
-1.7848732474651243e-17,0.28962303141415874,-2.22704884048075e-18,2.341328931515538e-14,-1.7574413213437161,0.00012989108886052157,-0.598882800566213,6.65152538729259e-15,6.0973269771401775,6.097326977140177,6.0973269771401775,6.0973269771401775,0.0
-1.7848732474651243e-17,0.29199803141415875,-2.22704884048075e-18,2.3554795148494548e-14,-1.7591128449719564,0.00013362783941381264,-0.5972150396256536,6.6771885605020455e-15,6.147326977140177,6.147326977140176,6.147326977140177,6.147326977140177,0.0
-1.7848732474651243e-17,0.29437303141415877,-2.22704884048075e-18,2.3739577880246748e-14,-1.7607853125949715,0.00013737160855290784,-0.5955463391151923,6.7234108610114585e-15,6.197326977140177,6.197326977140176,6.197326977140177,6.197326977140177,0.0
-1.7848732474651243e-17,0.2967480314141588,-2.22704884048075e-18,2.3816323175618924e-14,-1.7624561120617273,0.00014112442902118483,-0.5938793134779781,6.666584008632718e-15,6.247326977140177,6.247326977140176,6.247326977140177,6.247326977140177,0.0
-1.7848732474651243e-17,0.2991230314141588,-2.22704884048075e-18,2.4000797742900957e-14,-1.7641226220806874,0.00014488929140902277,-0.5922165872295718,6.683352774891359e-15,6.297326977140177,6.297326977140176,6.297326977140177,6.297326977140177,0.0
-1.7848732474651243e-17,0.3014980314141588,-2.22704884048075e-18,2.406546394993925e-14,-1.7657822197942659,0.00014867024916410116,-0.590560787491098,6.6452942729583534e-15,6.347326977140177,6.347326977140176,6.347326977140177,6.347326977140177,0.0
-1.7848732474651243e-17,0.30387303141415883,-2.22704884048075e-18,2.430245609301324e-14,-1.7674322882955673,0.00015247254107815427,-0.588914536597325,6.7429122788075714e-15,6.397326977140176,6.3973269771401755,6.397326977140176,6.397326977140176,0.0
-1.7848732474651243e-17,0.30624803141415885,-2.22704884048075e-18,2.4467047812137316e-14,-1.7690702240995089,0.0001563027348299221,-0.5872804447711882,6.7757215564814785e-15,6.447326977140176,6.447326977140175,6.447326977140176,6.447326977140176,0.0
-1.7848732474651243e-17,0.30862303141415887,-2.22704884048075e-18,2.4668906475027546e-14,-1.7706934445795897,0.00016016889594442038,-0.5856611028578697,6.808368929329941e-15,6.497326977140176,6.497326977140175,6.497326977140176,6.497326977140176,0.0
-1.7848732474651243e-17,0.3109980314141589,-2.22704884048075e-18,2.4797640624907792e-14,-1.7722993953809671,0.00016408078753196812,-0.5840590751131628,6.823593180425112e-15,6.547326977140176,6.547326977140175,6.547326977140176,6.547326977140176,0.0
-1.7848732474651243e-17,0.3133730314141589,-2.22704884048075e-18,2.485984335385961e-14,-1.7738855578200423,0.0001680501074361158,-0.5824768920425666,6.79939238778563e-15,6.597326977140176,6.597326977140175,6.597326977140176,6.597326977140176,0.0
-1.7848732474651243e-17,0.3157480314141589,-2.22704884048075e-18,2.5026112595581528e-14,-1.7754494562805254,0.00017209077100881773,-0.5809170432893734,6.854059644095426e-15,6.6473269771401755,6.647326977140175,6.6473269771401755,6.6473269771401755,0.0
-1.7848732474651243e-17,0.31812303141415893,-2.22704884048075e-18,2.5162613693009566e-14,-1.7769886656159806,0.00017621924971411056,-0.5793819705719692,6.837464283708858e-15,6.697326977140175,6.697326977140174,6.697326977140175,6.697326977140175,0.0
-1.7848732474651243e-17,0.32049803141415895,-2.22704884048075e-18,2.537787887348215e-14,-1.778500818569169,0.00018045497836196726,-0.5778740606728394,6.893629033973231e-15,6.747326977140175,6.747326977140174,6.747326977140175,6.747326977140175,0.0
-1.7848732474651243e-17,0.32287303141415896,-2.22704884048075e-18,2.55093808062421e-14,-1.7799836132192042,0.0001848208469525699,-0.5763956384842647,6.892701132749646e-15,6.797326977140175,6.797326977140174,6.797326977140175,6.797326977140175,0.0
-1.7848732474651243e-17,0.325248031414159,-2.22704884048075e-18,2.560951747662331e-14,-1.7814348204687287,0.00018934379736530474,-0.5749489601187358,6.887536871714445e-15,6.847326977140175,6.847326977140174,6.847326977140175,6.847326977140175,0.0
-1.7848732474651243e-17,0.327623031414159,-2.22704884048075e-18,2.5718365835252497e-14,-1.782852291585094,0.00019405555046783234,-0.5735362060956976,6.87369625227869e-15,6.897326977140175,6.897326977140174,6.897326977140175,6.897326977140175,0.0
-1.7848732474651243e-17,0.329998031414159,-2.22704884048075e-18,2.580444474081294e-14,-1.784233965812112,0.00019899349622724667,-0.5721594746206409,6.881965108567473e-15,6.947326977140174,6.9473269771401736,6.947326977140174,6.947326977140174,0.0
-1.7848732474651243e-17,0.332373031414159,-2.22704884048075e-18,2.592922150667914e-14,-1.7855778780725602,0.00020420178851953606,-0.5708207749780669,6.9016748040593125e-15,6.997326977140174,6.997326977140173,6.997326977140174,6.997326977140174,0.0
-1.7848732474651243e-17,0.33474803141415904,-2.22704884048075e-18,2.602823630214507e-14,-1.7868821667865773,0.00020973269825220363,-0.5695220210668062,6.913719659966891e-15,7.047326977140174,7.047326977140173,7.047326977140174,7.047326977140174,0.0
-1.7848732474651243e-17,0.33712303141415906,-2.22704884048075e-18,2.616286769352388e-14,-1.788145081837901,0.00021564829416642443,-0.568265025115118,6.926787653656198e-15,7.097326977140174,7.097326977140173,7.097326977140174,7.097326977140174,0.0
-1.7848732474651243e-17,0.3394980314141591,-2.22704884048075e-18,2.6268042096060205e-14,-1.7893649927290876,0.00022202254150981927,-0.5670514916246241,6.935172345368779e-15,7.147326977140174,7.147326977140173,7.147326977140174,7.147326977140174,0.0
-1.7848732474651243e-17,0.3418730314141591,-2.22704884048075e-18,2.6371994764304564e-14,-1.790540396979359,0.00022894393654596665,-0.5658830116074033,6.948111163251746e-15,7.1973269771401736,7.197326977140173,7.1973269771401736,7.1973269771401736,0.0
-1.1910107232046552e-16,0.3440806519894425,-8.343986309181095e-17,2.6499282599516176e-14,-1.7916699288356546,0.0002365188320946937,-0.5647610572008693,6.973892288635747e-15,7.243803199777721,7.243803199777715,7.2438031997777195,7.243803199777718,0.0
-2.110719476804135e-16,0.34609034526824267,-1.526289619864507e-16,2.6614436642806186e-14,-1.7927522075671332,0.00024453019827285036,-0.5636867921343605,6.984127563403732e-15,7.286112531962991,7.2861125319629805,7.286112531962988,7.286112531962985,0.0
-2.9270664668110123e-16,0.3479198576201161,-2.1664997270146037e-16,2.6729926232966277e-14,-1.7937859860678003,0.0002527414970522884,-0.5626612270013853,6.999957570902121e-15,7.3246285814761185,7.324628581476104,7.324628581476114,7.32462858147611,0.0
-3.682240168161044e-16,0.3495851704835322,-2.7508101048748236e-16,2.6841980648731948e-14,-1.794770196597952,0.00026097963485953224,-0.561685256471062,7.013376062501834e-15,7.359687799653301,7.359687799653283,7.359687799653296,7.35968779965329,0.0
-4.226471494832296e-16,0.3511006846633916,-3.144217633650748e-16,2.6912873242453776e-14,-1.7957039483379822,0.00026911240783430957,-0.5607596375040066,7.0293700475482425e-15,7.391593361334553,7.391593361334532,7.391593361334547,7.39159336133454,0.0
-4.773866957123729e-16,0.3524793874346102,-3.559774111767944e-16,2.7025356570310597e-14,-1.79658652298735,0.00027703217599942974,-0.5598849842986228,7.027799706390092e-15,7.420618682833893,7.42061868283387,7.420618682833886,7.4206186828338785,0.0
-5.040709061092386e-16,0.35373300103524447,-3.7348562827513313e-16,2.7058412714617472e-14,-1.7974173871585588,0.00028465263617145697,-0.5590617405875861,7.0275924247423744e-15,7.447010548110404,7.44701054811038,7.447010548110396,7.447010548110389,0.0
-5.534314217840731e-16,0.35487211940469177,-4.112443133426347e-16,2.716486222555891e-14,-1.7981961869883387,0.00029189841011178147,-0.5582901880399835,7.033523563168327e-15,7.47099198746719,7.470991987467165,7.470991987467182,7.470991987467174,0.0
-5.727326490671814e-16,0.35590632856703086,-4.227406727626282e-16,2.7192067425863807e-14,-1.7989227633447133,0.0002987072659934046,-0.5575704205394906,7.031555101038412e-15,7.492764811937487,7.492764811937461,7.492764811937478,7.49276481193747,0.0
-6.170305477497252e-16,0.3568443179689436,-4.561750391492148e-16,2.7294996160602853e-14,-1.7995971489195366,0.0003050234434349453,-0.5569023524995222,7.034596080709139e-15,7.512511957240915,7.512511957240886,7.512511957240905,7.512511957240896,0.0
-6.553165887539237e-16,0.3576939784268355,-4.877636597573621e-16,2.740540730024427e-14,-1.8002195823600895,0.0003108007818669061,-0.5562856976190734,7.036202853231652e-15,7.530399545828113,7.530399545828082,7.530399545828103,7.530399545828093,0.0
-6.618558023689659e-16,0.35846249213717485,-4.877109241636924e-16,2.7415381215400777e-14,-1.8007905113292726,0.0003160001931675465,-0.5557199680611911,7.036548605814189e-15,7.546578781835258,7.546578781835227,7.546578781835247,7.546578781835238,0.0
-6.667602125802475e-16,0.3591564136155523,-4.874472461953439e-16,2.7424114103348562e-14,-1.8013105978995025,0.0003205887424188275,-0.5552044700402124,7.036571987594781e-15,7.5611876550642565,7.561187655064225,7.561187655064246,7.561187655064236,0.0
-6.803659957470289e-16,0.3597817421326693,-4.847577309181895e-16,2.7442400853103583e-14,-1.8017807280079385,0.0003245410641364479,-0.5547382922534941,7.037051445400669e-15,7.57435246595093,7.5743524659508985,7.574352465950919,7.57435246595091,0.0
-6.842156940849166e-16,0.360343987623227,-4.835975478574562e-16,2.7449576663629956e-14,-1.8022020174072728,0.0003278390124394632,-0.554320300802463,7.036516531406502e-15,7.586189213120567,7.5861892131205355,7.586189213120556,7.586189213120547,0.0
-6.870634161430801e-16,0.3608482300710438,-4.830701919207593e-16,2.7455892477954823e-14,-1.8025758185495226,0.00033047193666462774,-0.5539491325844383,7.03809025281428e-15,7.5968048436009195,7.596804843600888,7.596804843600909,7.5968048436009,0.0
-7.192848638752638e-16,0.3612991732769203,-5.094379887556067e-16,2.755633436759126e-14,-1.8029037266726258,0.0003324366284729155,-0.5536231902526483,7.0393278811820405e-15,7.606298384777268,7.606298384777235,7.606298384777256,7.606298384777247,0.0
-7.178082672525123e-16,0.36170119280793256,-5.050609344810221e-16,2.7557205023355012e-14,-1.8031875899078649,0.00033373947658597413,-0.5533406298655223,7.041527040235785e-15,7.61476195385121,7.614761953851177,7.614761953851199,7.61476195385119,0.0
-7.461009132563036e-16,0.36205838069196,-5.290292618038985e-16,2.7659487763101066e-14,-1.8034295106047515,0.00033439402262452553,-0.5530993647042285,7.041521826197263e-15,7.622281698778105,7.62228169877807,7.622281698778092,7.6222816987780835,0.0
-7.399572165937841e-16,0.36237458405009954,-5.214880719091321e-16,2.765527569062327e-14,-1.8036318583403597,0.0003344248153131774,-0.552897047761309,7.041880518668333e-15,7.628938611581042,7.628938611581008,7.62893861158103,7.628938611581021,0.0
-7.339717267122737e-16,0.3626534417579608,-5.145006057478975e-16,2.765133427255144e-14,-1.8037972716423913,0.00033386529402903135,-0.5527310749379932,7.041693810453925e-15,7.6348093001675945,7.634809300167561,7.634809300167583,7.634809300167574,0.0
-7.606559371091394e-16,0.362898416527581,-5.369396008543527e-16,2.7752874187558416e-14,-1.8039286671217665,0.0003327596919322581,-0.5525985747471203,7.0406934562572966e-15,7.639966663738546,7.6399666637385115,7.639966663738535,7.639966663738525,0.0
-7.524819200903367e-16,0.36311282399432687,-5.282909634925228e-16,2.7746219269152393e-14,-1.8040292482168874,0.00033116474871666885,-0.5524963987087839,7.0409220429221e-15,7.644480505143723,7.644480505143689,7.6444805051437115,7.644480505143702,0.0
-7.777422694581206e-16,0.3632998600817988,-5.516528314881976e-16,2.784782602339703e-14,-1.8041025075864754,0.0003291480867975294,-0.5524211234788157,7.0437006717955e-15,7.648418106985239,7.648418106985204,7.648418106985227,7.648418106985217,0.0
-7.659031286792741e-16,0.36346262439177884,-5.409211381764147e-16,2.7837032906562366e-14,-1.8041522389187963,0.0003267916084061375,-0.5523690356681034,7.0436220594080446e-15,7.651844724037449,7.6518447240374154,7.651844724037438,7.651844724037428,0.0
-7.559888370693715e-16,0.3636041428469931,-5.313628118237825e-16,2.7827506153659064e-14,-1.8041825396436553,0.0003241900440239092,-0.5523361333788622,7.04366483760533e-15,7.654824059936696,7.654824059936663,7.654824059936685,7.654824059936676,0.0
-7.818160940691046e-16,0.36372738739899413,-5.537227035397332e-16,2.792949352505593e-14,-1.804197819605924,0.000321452644421801,-0.5523181167383764,7.044206976119001e-15,7.657418682084087,7.657418682084053,7.657418682084075,7.6574186820840655,0.0
-7.703724702427808e-16,0.3638352940173423,-5.428789470914022e-16,2.7918787953264885e-14,-1.8042028094207307,0.0003187046289498961,-0.5523103789080978,7.044652920394324e-15,7.659690400365101,7.6596904003650685,7.659690400365091,7.659690400365081,0.0
-7.60484546429713e-16,0.3639307798567633,-5.335711148087011e-16,2.79094967876487e-14,-1.8042025641450703,0.00031608605031290904,-0.5523080056051212,7.045088063860996e-15,7.6617006285634375,7.6617006285634055,7.661700628563427,7.661700628563417,0.0
-7.857514877467056e-16,0.3640164345395336,-5.557266560991817e-16,2.8011324702342314e-14,-1.8042015289786582,0.00031371945466121965,-0.5523066748251283,7.045459880731577e-15,7.663503885042813,7.66350388504278,7.663503885042802,7.6635038850427915,0.0
-8.015655505140358e-06,0.36409352368631825,-7.121830189092042e-06,-7.928837287278384e-06,-1.8042006051861732,0.000311605709229981,-0.552305484872182,7.045935453313182e-15,7.665341716713178,7.6649119121844,7.665211778718676,7.665041850178904,0.0
-6.315931975565202e-05,0.36416290345183155,-5.611648544723915e-05,-6.245813081074824e-05,-1.804199779749029,0.0003097161748249378,-0.5523044207749211,7.04645079319617e-15,7.668280763692293,7.664894118490057,7.6672569178773085,7.665917964305043,0.0
-0.00020992498939153954,0.36422533572657606,-0.0001865166257150767,-0.00020754501260983723,-1.8041990412615683,0.0003080257436119085,-0.5523034694154908,7.047433183564368e-15,7.67352996785697,7.6622736416830435,7.670126973292098,7.665676636247917,0.0
-0.0004899815946732683,0.36428146928484456,-0.0004353449674885919,-0.0004843227014767025,-1.8041983806337023,0.0003065129704705796,-0.5523026177961051,7.04898601614278e-15,7.682220150869086,7.655946976913813,7.674277291334384,7.663889836448517,0.0
-0.0009422278038213321,0.3643318009074571,-0.0008371629432934952,-0.0009311646244855106,-1.8041977896906012,0.00030515925439578964,-0.5523018554964322,7.050770462307155e-15,7.695404664320442,7.644881689677721,7.68013065571113,7.660155698287035,0.0
-0.0016028479490608981,0.3643766191474,-0.0014241203653562367,-0.0015837474168301064,-1.8041972620111786,0.00030394936587392195,-0.552301173287333,7.055744402760203e-15,7.714059704697766,7.628113733087467,7.688076695839308,7.654096741945928,0.0
-0.0025053689362720807,0.3644159348480394,-0.002226005969839114,-0.0024751129380692237,-1.8041967918091735,0.0003028710819446627,-0.5523005656313796,7.059928770226987e-15,7.739084375965105,7.604744459741788,7.698471026892908,7.645357808813989,0.0
-0.0036807180149468635,0.3644494008866656,-0.0032702987312572514,-0.003635729428042591,-1.8041963763879045,0.0003019168466489084,-0.5523000268173528,7.063162874719885e-15,7.771300548498456,7.573937383571646,7.711634172256162,7.633603759813944,0.0
-0.005157281277910674,0.36447622572488114,-0.004582219830210798,-0.0050935519330525736,-1.8041960139627986,0.000301083088366602,-0.5522995558675501,7.06183591570631e-15,7.81145260730709,7.534914791635244,7.7278503634335936,7.618517035508745,0.0
-0.0069609627298807646,0.36449508233010847,-0.006184785130363251,-0.0068740821631780216,-1.8041957063642318,0.0003003722208872989,-0.5522991525986377,7.0605023864139044e-15,7.860207118136317,7.486954243131379,7.7473662486203585,7.599795112647342,0.0
-0.008636709911424897,0.3644995495976597,-0.00791462246546876,-0.00900042798465138,-1.8041954574641024,0.00029979245401621097,-0.552298821731896,7.083300299367498e-15,7.9102071181363165,7.436954243131379,7.7703896003111685,7.5771479519082146,0.0
-0.010053061076649081,0.3644980500210546,-0.00974432726685745,-0.011516252698328396,-1.8041952639907055,0.00029933666315669826,-0.5522985597594696,1.2384426220029909e-13,7.960207118136316,7.386954243131379,7.797366662407321,7.550044609676899,0.0
-0.011176930659017766,0.3644886849266521,-0.011686637477645506,-0.014469109822508678,-1.804195135418172,0.0002990243032855754,-0.5522983762826645,4.675878408282097e-13,8.010207118136316,7.3369542431313794,7.828753825202503,7.517868807353086,0.0
-0.011975937800097258,0.36446905845697025,-0.013754019728329903,-0.01790545559618159,-1.8041950816426588,0.0002988762300730184,-0.5522982822644442,1.1164660302146941e-12,8.060207118136317,7.28695424313138,7.864975121244714,7.479994755969243,0.0
-0.012418518689001004,0.3644361933979819,-0.015958626086101962,-0.021870532634593237,-1.804195113181647,0.0002989146740241051,-0.5522982894209381,2.1215314513008887e-12,8.110207118136318,7.23695424313138,7.906416860140869,7.435785433158277,0.0
-0.012510886587289664,0.36440063175714077,-0.018298064445260828,-0.026408266164641515,-1.8041952410195778,0.0002991629048709347,-0.552298410040231,3.5115295386679655e-12,8.160207118136318,7.18695424313138,7.953422195648984,7.3857854331582775,0.0
-0.012510886587289664,0.36440063175714077,-0.020673064445260826,-0.03155659040739169,-1.8041954898458699,0.0002996736640806696,-0.5522986721768867,5.291394614711993e-12,8.210207118136319,7.13695424313138,8.003422195648984,7.335785433158278,0.0
-0.012510886587289664,0.36440063175714077,-0.023048064445260825,-0.03731726543966585,-1.8041959026159105,0.00030053895888212815,-0.5522991248850104,7.416416606796885e-12,8.26020711813632,7.08695424313138,8.053422195648984,7.285785433158278,0.0
-0.012510886587289664,0.36440063175714077,-0.025423064445260823,-0.04368001921262738,-1.8041964609524923,0.00030171907637014186,-0.5522997468309414,9.833005440048922e-12,8.31020711813632,7.0369542431313805,8.103422195648985,7.235785433158278,0.0
-0.012510886587289664,0.36440063175714077,-0.027798064445260822,-0.050634410279917295,-1.8041971361584581,0.00030315215942057277,-0.5523005048565461,1.2493951860550492e-11,8.360207118136321,6.986954243131381,8.153422195648986,7.185785433158278,0.0
-0.012510886587289664,0.36440063175714077,-0.03017306444526082,-0.05816973552982638,-1.8041978881403276,0.00030475189223199816,-0.552301352741154,1.5357149301637913e-11,8.410207118136322,6.936954243131381,8.203422195648987,7.135785433158278,0.0
-0.012510886587289664,0.36440063175714077,-0.03254806444526082,-0.06627495609713259,-1.8041986643809325,0.00030640529139031644,-0.5523022300200042,1.8384749463931656e-11,8.460207118136323,6.886954243131381,8.253422195648987,7.085785433158279,0.0
-0.012510886587289664,0.36440063175714077,-0.034923064445260825,-0.07493863972777423,-1.8041993990623864,0.0003079708200722967,-0.5523030609754968,2.1542372713412912e-11,8.510207118136323,6.836954243131381,8.303422195648988,7.035785433158279,0.0
-0.012510886587289664,0.36440063175714077,-0.03729806444526083,-0.08414891797293483,-1.8042000124883573,0.0003092771453525813,-0.5523037539722414,2.4798940352564452e-11,8.560207118136324,6.786954243131381,8.353422195648989,6.985785433158279,0.0
-0.012510886587289664,0.36440063175714077,-0.03967306444526083,-0.09389345667634505,-1.8042004110048413,0.0003101229664647539,-0.5523042013645585,2.8126151248096306e-11,8.610207118136325,6.736954243131382,8.40342219564899,6.935785433158279,0.0
-0.012510886587289664,0.36440063175714077,-0.04204806444526083,-0.10415943829288281,-1.8042004876663267,0.0003102784443124956,-0.5523042802598379,3.149811954604408e-11,8.660207118136325,6.686954243131382,8.45342219564899,6.885785433158279,0.0
-0.012510886587289664,0.36440063175714077,-0.04442306444526083,-0.11493355464094306,-1.804200123931043,0.00030948884157742896,-0.5523038544634089,3.489189221404989e-11,8.710207118136326,6.636954243131382,8.50342219564899,6.8357854331582795,0.0
-0.012510886587289664,0.36440063175714077,-0.046798064445260835,-0.1262020087484133,-1.804199192683292,0.00030748101350660156,-0.5523027779470061,3.8286256869949425e-11,8.760207118136327,6.586954243131382,8.553422195648992,6.78578543315828,0.0
-0.012510886587289664,0.36440063175714077,-0.04917306444526084,-0.13795052450503634,-1.80419756285764,0.00030397333959740274,-0.5523009001562712,4.166244481299973e-11,8.810207118136328,6.536954243131382,8.603422195648992,6.73578543315828,0.0
-0.012510886587289664,0.36440063175714077,-0.05154806444526084,-0.15016436288484006,-1.8041951058621202,0.00029868951965885364,-0.5522980733836196,4.500373357225601e-11,8.860207118136328,6.4869542431313825,8.653422195648993,6.68578543315828,0.0
-0.012510886587289664,0.36440063175714077,-0.05392306444526084,-0.16282834355319742,-1.8041917038492825,0.00029137633920330665,-0.5522941622625893,4.8294907632865797e-11,8.910207118136329,6.436954243131383,8.703422195648994,6.63578543315828,0.0
-0.012510886587289664,0.36440063175714077,-0.056298064445260844,-0.1759268707256889,-1.804187259654252,0.00028182501579704735,-0.5522890551761397,5.15234668768457e-11,8.96020711813633,6.386954243131383,8.753422195648994,6.58578543315828,0.0
-0.012510886587289664,0.36440063175714077,-0.058673064445260846,-0.18944396220168,-1.8041817079086413,0.0002698950714592338,-0.5522826770151439,5.4677715966094376e-11,9.01020711813633,6.336954243131383,8.803422195648995,6.5357854331582805,0.0
-0.012510886587289664,0.36440063175714077,-0.06104806444526085,-0.20336328055543965,-1.8041750264682583,0.00025553887957556107,-0.5522750022975988,5.774872323362036e-11,9.060207118136331,6.286954243131383,8.853422195648996,6.485785433158281,0.0
-0.012510886587289664,0.36440063175714077,-0.06342306444526084,-0.21766816553245588,-1.8041672469070462,0.00023882420661553913,-0.5522660672164089,6.072785318393968e-11,9.110207118136332,6.236954243131383,8.903422195648997,6.435785433158281,0.0
-0.012510886587289664,0.36440063175714077,-0.06579806444526085,-0.23234166676872683,-1.804158462503778,0.0002199513688704413,-0.5522559788094322,6.360876639439425e-11,9.160207118136332,6.1869542431313835,8.953422195648997,6.385785433158281,0.0
-0.012510886587289664,0.36440063175714077,-0.06817306444526085,-0.24736657602631937,-1.8041488319814467,0.00019926126641979164,-0.5522449192540615,6.638652196094127e-11,9.210207118136333,6.136954243131384,9.003422195648998,6.335785433158281,0.0
-0.012510886587289664,0.36440063175714077,-0.07054806444526085,-0.26272545821921145,-1.8041385773602518,0.00017723077322672685,-0.5522331434043358,6.905702039837329e-11,9.260207118136334,6.086954243131384,9.053422195648999,6.285785433158281,0.0
-0.012510886587289664,0.36440063175714077,-0.07292306444526085,-0.2784006805889177,-1.8041279747452172,0.00015445295039817763,-0.552220968216586,7.161739539683701e-11,9.310207118136335,6.036954243131384,9.103422195649,6.235785433158282,0.0
-0.012510886587289664,0.36440063175714077,-0.07529806444526085,-0.294374439479053,-1.8041173377242348,0.00013160138558825798,-0.5522087536907972,7.406579884879838e-11,9.360207118136335,5.986954243131384,9.153422195649,6.185785433158282,0.0
-0.012510886587289664,0.36440063175714077,-0.07767306444526086,-0.31062878425100937,-1.8041069942444676,0.00010938052229381592,-0.552196876323504,7.640147774555998e-11,9.410207118136336,5.936954243131384,9.203422195649,6.135785433158282,0.0
-0.012510886587289664,0.36440063175714077,-0.08004806444526086,-0.32714563797842655,-1.8040972591885243,8.846675033862319e-05,-0.5521856976221027,7.862422785452273e-11,9.460207118136337,5.886954243131385,9.253422195649001,6.085785433158282,0.0
-0.012510886587289664,0.36440063175714077,-0.08242306444526086,-0.343906814655142,-1.8040884060969922,6.944766104035207e-05,-0.5521755316374858,8.073475643042913e-11,9.510207118136337,5.836954243131385,9.303422195649002,6.035785433158282,0.0
-0.012510886587289664,0.36440063175714077,-0.08479806444526086,-0.3608940327487989,-1.804080642230317,5.276847434476398e-05,-0.5521666163292999,8.273416980472906e-11,9.560207118136338,5.786954243131385,9.353422195649003,5.9857854331582825,0.0
-0.012510886587289664,0.36440063175714077,-0.08717306444526086,-0.37808892502917196,-1.8040740911128654,3.869453791466427e-05,-0.5521590935209725,8.462514970037896e-11,9.610207118136339,5.736954243131385,9.403422195649004,5.935785433158283,0.0
-0.012510886587289664,0.36440063175714077,-0.08954806444526087,-0.3954730446955446,-1.8040687856942366,2.7296633549426843e-05,-0.5521530010448228,8.64093035219731e-11,9.66020711813634,5.686954243131385,9.453422195649004,5.885785433158283,0.0
-0.012510886587289664,0.36440063175714077,-0.09192306444526087,-0.413027867920051,-1.804064673394812,1.8461813323164867e-05,-0.5521482785326505,8.808965321550945e-11,9.71020711813634,5.6369542431313855,9.503422195649005,5.835785433158283,0.0
-0.012510886587289664,0.36440063175714077,-0.09429806444526087,-0.4307347930130087,-1.8040616319637315,1.1927463393203973e-05,-0.5521447856215683,8.966893654187597e-11,9.760207118136341,5.586954243131386,9.553422195649006,5.785785433158283,0.0
-0.012510886587289664,0.36440063175714077,-0.09667306444526087,-0.44857513650092873,-1.8040594928739417,7.331559671789241e-06,-0.5521423288146285,9.115145049315872e-11,9.810207118136342,5.536954243131386,9.603422195649006,5.735785433158283,0.0
-0.012510886587289664,0.36440063175714077,-0.09904806444526087,-0.4665301264875938,-1.804058067548912,4.2690070346599225e-06,-0.552140691593315,9.253977993581841e-11,9.860207118136342,5.486954243131386,9.653422195649007,5.6857854331582836,0.0
-0.012510886587289664,0.36440063175714077,-0.10142306444526088,-0.4845808937425875,-1.8040571714958145,2.3434816508606967e-06,-0.552139662126695,9.38384624175491e-11,9.910207118136343,5.436954243131386,9.703422195649008,5.635785433158284,0.0
-0.012510886587289664,0.36440063175714077,-0.10379806444526088,-0.5027084610295293,-1.8040566424600544,1.20643029161251e-06,-0.552139054116197,9.50504809481932e-11,9.960207118136344,5.386954243131386,9.753422195649009,5.585785433158284,0.0
-0.012510886587289664,0.36440063175714077,-0.10617306444526088,-0.5208937312474009,-1.8040563506386187,5.790106182769935e-07,-0.552138718522552,9.617996898745924e-11,10.010207118136345,5.3369542431313866,9.80342219564901,5.535785433158284,0.0
-0.012510886587289664,0.36440063175714077,-0.10854806444526088,-0.5391174880881389,-1.804056753579024,1.333501060618348e-06,-0.5521390127876828,-1.446886768425954e-08,10.060207118136345,5.286954243131387,9.85342219564901,5.485785433158284,0.0
-0.012510886587289664,0.36440063175714077,-0.11092306444526089,-0.5573603288925959,-1.8040563795317195,5.424547630167761e-07,-0.5521386014569029,-1.2981563010487197e-08,10.110207118136346,5.236954243131387,9.90342219564901,5.435785433158284,0.0
-0.012510886587289664,0.36440063175714077,-0.11329806444526089,-0.5756027524844596,-1.8040567934006735,1.3364540564546788e-06,-0.5521389330928115,-2.6093285242881512e-08,10.160207118136347,5.186954243131387,9.953422195649011,5.385785433158285,0.0
-0.012510886587289664,0.36440063175714077,-0.11567306444526089,-0.5938250345399535,-1.8040563677016848,4.445822126110842e-07,-0.5521384768089949,-2.3342345447922053e-08,10.210207118136347,5.136954243131387,10.003422195649012,5.335785433158285,0.0
-0.012510886587289664,0.36440063175714077,-0.11804806444526089,-0.6120073322774272,-1.8040567363631348,1.167432179468898e-06,-0.552138796036511,-3.3333805035002975e-08,10.260207118136348,5.086954243131387,10.053422195649013,5.285785433158285,0.0
-0.012510886587289664,0.36440063175714077,-0.1204230644452609,-0.6301295738776733,-1.8040563197834603,3.0137193984402063e-07,-0.5521383589035289,-2.9713746859587308e-08,10.310207118136349,5.036954243131388,10.103422195649014,5.235785433158285,0.0
-0.012510886587289664,0.36440063175714077,-0.1227980644452609,-0.6481715544975617,-1.804056587164209,8.393592426338591e-07,-0.5521386109365614,-3.52920106192103e-08,10.36020711813635,4.986954243131388,10.153422195649014,5.185785433158285,0.0
-0.012510886587289664,0.36440063175714077,-0.12517306444526088,-0.6661128786321512,-1.804057387470543,2.4139020492576945e-06,-0.5521393154653694,-5.670858799851863e-08,10.41020711813635,4.936954243131388,10.203422195649015,5.1357854331582855,0.0
-0.012662087919313123,0.3643424192443117,-0.12748985193243184,-0.6839329421044911,-1.804056410754542,3.646097900888055e-07,-0.5521382626841241,-5.0495701997860655e-08,10.460207118136351,4.886954243131388,10.248520089305517,5.085785433158286,0.0
-0.013298946459464727,0.36409722870635336,-0.12961966139447348,-0.7015938660039881,-1.8040567705614339,1.1029340293882316e-06,-0.5521386231804699,-5.6263985169049266e-08,10.510207118136352,4.836954243131388,10.277872465056392,5.035785433158286,0.0
-0.014408530476512076,0.36367003885979016,-0.13156747154791024,-0.7190206964182183,-1.8040562720675883,8.051491541751325e-08,-0.5521381188520316,-4.9882129450163714e-08,10.560207118136352,4.7869542431313885,10.291898583240542,4.985785433158286,0.0
-0.015975851304049712,0.36306662034118814,-0.13333905302930824,-0.7361439424023318,-1.8040563402504806,2.522937835277194e-07,-0.5521382322001437,-4.66579982806341e-08,10.610207118136353,4.736954243131389,10.291084392200375,4.935785433158286,0.0
-0.017984049334306158,0.3622934640995394,-0.1349408967876595,-0.7528992564875886,-1.8040566165720018,8.301028656256436e-07,-0.5521385256107267,-4.936354060247183e-08,10.660207118136354,4.686954243131389,10.275976498166797,4.885785433158286,0.0
-0.020414578183980563,0.3613577104924147,-0.13638014318053485,-0.7692272267959245,-1.8040576130627215,2.8264549085046007e-06,-0.552139461478893,-7.104286622499543e-08,10.710207118136355,4.636954243131389,10.247176194408931,4.835785433158287,0.0
-0.023247401362613926,0.36026707356864085,-0.137664506256761,-0.7850731258979575,-1.80405615016451,-2.5380292977171175e-07,-0.5521378678736222,-6.291753229493395e-08,10.760207118136355,4.586954243131389,10.205333085038502,4.785785433158287,0.0
-0.02633181694702951,0.35907957356864084,-0.138852006256761,-0.8003868695065988,-1.8040557848565333,-9.246852316741985e-07,-0.5521376086109584,-4.694723843246999e-08,10.810207118136356,4.536954243131389,10.155333085038501,4.735785433158287,0.0
-0.029416232531445097,0.35789207356864083,-0.140039506256761,-0.8151378183321558,-1.8040544978079605,-3.43167715011981e-06,-0.5521364962122759,-9.600791653939191e-09,10.860207118136357,4.48695424313139,10.1053330850385,4.685785433158287,0.0
-0.03250064811586068,0.3567045735686408,-0.14122700625676102,-0.8293252470824013,-1.8040564261504246,7.181640226118956e-07,-0.5521387240337834,-7.390911090949064e-09,10.910207118136357,4.43695424313139,10.0553330850385,4.635785433158287,0.0
-0.03558506370027627,0.3555170735686408,-0.14241450625676103,-0.8429467836045319,-1.8040574634832476,2.780484102791376e-06,-0.5521396843330925,-3.0132638671293516e-08,10.960207118136358,4.38695424313139,10.0053330850385,4.5857854331582875,0.0
-0.03866947928469185,0.3543295735686408,-0.14360200625676103,-0.8559987786452159,-1.8040557920439475,-7.815760741537273e-07,-0.5521378057516627,-2.587788675905258e-08,11.010207118136359,4.33695424313139,9.955333085038498,4.535785433158288,0.0
-0.04175389486910744,0.3531420735686408,-0.14478950625676104,-0.8684767154168416,-1.8040545906081837,-3.1458402041723947e-06,-0.5521367303562003,5.162461643015144e-09,11.06020711813636,4.28695424313139,9.905333085038498,4.485785433158288,0.0
-0.044838310453523024,0.3519545735686408,-0.14597700625676105,-0.8803755273626138,-1.8040565502343837,1.0596654872115537e-06,-0.5521389785267588,5.979011820140275e-09,11.11020711813636,4.2369542431313905,9.855333085038497,4.435785433158288,0.0
-0.04792272603793861,0.3507670735686408,-0.14716450625676106,-0.8916897874483983,-1.8040558800458306,-3.838057817096943e-07,-0.5521382073104094,6.7178466107776944e-09,11.160207118136361,4.186954243131391,9.805333085038496,4.385785433158288,0.0
-0.051007141622354195,0.3495795735686408,-0.14835200625676107,-0.9024140992864129,-1.8040552670167966,-1.607484506490158e-06,-0.5521376361134533,2.085989109886021e-08,11.210207118136362,4.136954243131391,9.755333085038496,4.335785433158288,0.0
-0.05409155720676978,0.34839207356864077,-0.14953950625676107,-0.9125434083650618,-1.8040563242772474,6.471501968090718e-07,-0.5521388314877358,2.0141678965598537e-08,11.260207118136362,4.086954243131391,9.705333085038495,4.2857854331582885,0.0
-0.057175972791185366,0.34720457356864076,-0.15072700625676108,-0.9220732353915667,-1.804057392517362,2.7614956312931493e-06,-0.5521398124164525,-3.29070541816683e-09,11.310207118136363,4.036954243131391,9.655333085038494,4.235785433158289,0.0
-0.06026038837560095,0.34601707356864075,-0.1519145062567611,-0.930999929506417,-1.8040555475875624,-1.1920996553336608e-06,-0.5521377083293096,-1.64394060970813e-09,11.360207118136364,3.9869542431313914,9.605333085038493,4.185785433158289,0.0
-0.06334480396001653,0.34482957356864075,-0.1531020062567611,-0.9393210456384893,-1.804056342943606,5.246950687503201e-07,-0.5521386338980413,-1.5873857944914372e-10,11.410207118136364,3.9369542431313915,9.555333085038493,4.135785433158289,0.0
-0.06642921954443211,0.34364207356864074,-0.1542895062567611,-0.9470355416979787,-1.804057217896941,2.2744820467864475e-06,-0.5521394610750405,-1.728159785771242e-08,11.460207118136365,3.8869542431313917,9.505333085038492,4.085785433158289,0.0
-0.06951363512884769,0.34245457356864073,-0.1554770062567611,-0.9541439984513844,-1.8040556641822547,-1.0382205653737093e-06,-0.5521377104803039,-1.4270496173483262e-08,11.510207118136366,3.836954243131392,9.455333085038491,4.035785433158289,0.0
-0.07259805071326327,0.3412670735686407,-0.15666450625676112,-0.9606489646345936,-1.8040563573228243,4.724049226011611e-07,-0.5521385355370835,-1.1559805440212578e-08,11.560207118136367,3.786954243131392,9.40533308503849,3.9857854331582896,0.0
-0.07568246629767884,0.3400795735686407,-0.15785200625676113,-0.9665551461095946,-1.8040571441516051,2.056618971735164e-06,-0.552139293479754,-2.564185389445725e-08,11.610207118136367,3.7369542431313922,9.35533308503849,3.9357854331582898,0.0
-0.07876688188209442,0.3388920735686407,-0.15903950625676114,-0.9718696036989037,-1.8040557306053437,-9.463430965620908e-07,-0.5521377147598837,-2.183559660117455e-08,11.660207118136368,3.6869542431313924,9.30533308503849,3.88578543315829,0.0
-0.08185129746651,0.3377045735686407,-0.16022700625676115,-0.9766020358010031,-1.804054122039811,-4.121154721325831e-06,-0.5521362508869653,1.4456701775543911e-08,11.710207118136369,3.6369542431313926,9.255333085038489,3.83578543315829,0.0
-0.08493571305092558,0.3365170735686407,-0.16141450625676115,-0.980765039177171,-1.8040569094355634,1.8569680284160234e-06,-0.552139441232835,1.4322168033165998e-08,11.76020711813637,3.5869542431313928,9.205333085038488,3.7857854331582903,0.0
-0.08802012863534116,0.3353295735686407,-0.16260200625676116,-0.9843741619038312,-1.8040556648476964,-8.252096241937841e-07,-0.5521380032992073,1.4201370118896316e-08,11.81020711813637,3.536954243131393,9.155333085038487,3.7357854331582905,0.0
-0.09110454421975674,0.3341420735686407,-0.16378950625676117,-0.9874481889992078,-1.8040542942841142,-3.5567278270943578e-06,-0.5521367229342963,4.2367962018569755e-08,11.86020711813637,3.486954243131393,9.105333085038486,3.6857854331582907,0.0
-0.09418895980417231,0.33295457356864067,-0.16497700625676118,-0.9900093811942137,-1.804056679985383,1.5305785012144802e-06,-0.5521394163267435,3.9513459043927514e-08,11.910207118136372,3.4369542431313933,9.055333085038486,3.635785433158291,0.0
-0.0972733753885879,0.33176707356864066,-0.16616450625676119,-0.9920835001315443,-1.804055684752663,-6.402456973562509e-07,-0.5521382333262989,3.695334077811248e-08,11.960207118136372,3.3869542431313935,9.005333085038485,3.585785433158291,0.0
-0.10035779097300347,0.33057957356864065,-0.1673520062567612,-0.9937000445279627,-1.8040546509559414,-2.718691817235147e-06,-0.5521372448018111,5.622825100720009e-08,12.010207118136373,3.3369542431313937,8.955333085038484,3.535785433158291,0.0
-0.10344220655741905,0.32939207356864064,-0.1685395062567612,-0.9948924330444293,-1.8040564505153407,1.09802078641798e-06,-0.5521392497623729,5.2067475301774514e-08,12.060207118136374,3.286954243131394,8.905333085038484,3.4857854331582914,0.0
-0.10652662214183463,0.32820457356864063,-0.1697270062567612,-0.9956980244641667,-1.804055760812018,-4.263568276681011e-07,-0.5521384040891995,4.8338457070812916e-08,12.110207118136374,3.236954243131394,8.855333085038483,3.4357854331582915,0.0
-0.10961103772625021,0.3270170735686406,-0.17091450625676122,-0.9961582970764093,-1.8040550943462514,-1.7816348933289822e-06,-0.5521377472111417,5.9093921304488245e-08,12.160207118136375,3.186954243131394,8.805333085038482,3.3857854331582917,0.0
-0.11269545331066579,0.3258295735686406,-0.17210200625676123,-0.9963189764098944,-1.80405626069097,6.755613390764966e-07,-0.5521390250027737,5.4724492973760874e-08,12.210207118136376,3.1369542431313944,8.755333085038481,3.335785433158292,0.0
-0.11577986889508136,0.3246420735686406,-0.17328950625676123,-0.9962300737821399,-1.8040573585442021,2.8121922291814595e-06,-0.5521399856481898,2.87561019783925e-08,12.260207118136377,3.0869542431313945,8.70533308503848,3.285785433158292,0.0
-0.11886428447949694,0.3234545735686406,-0.17447700625676124,-0.9959459477355067,-1.8040555794457875,-1.0212329185225573e-06,-0.552137927214261,2.7399857596029197e-08,12.310207118136377,3.0369542431313947,8.65533308503848,3.2357854331582923,0.0
-0.12194870006391252,0.3222670735686406,-0.17566450625676125,-0.995516958789592,-1.804056231263246,3.6891947618735194e-07,-0.5521386618446862,2.618427385738535e-08,12.360207118136378,2.986954243131395,8.60533308503848,3.1857854331582924,0.0
-0.1250331156483281,0.3210795735686406,-0.17685200625676126,-0.9949627466780836,-1.8040558993871914,1.4817820087772054e-06,-0.5521400669841118,1.3268680973410551e-08,12.410207118136379,2.936954243131395,8.555333085038479,3.1357854331582926,0.0
-0.1281175312327437,0.3198920735686406,-0.17803950625676127,-0.9942952614794333,-1.8040486455538522,-8.049185237122665e-07,-0.5521450346677023,1.3447286259220049e-08,12.46020711813638,2.8869542431313953,8.505333085038478,3.085785433158293,0.0
-0.13120194681715927,0.31870457356864057,-0.17922700625676127,-0.9935258416175102,-1.8040305663195162,-4.059160598048156e-06,-0.5521599392954503,3.9127797984911934e-08,12.51020711813638,2.8369542431313954,8.455333085038477,3.035785433158293,0.0
-0.13428636240157485,0.31751707356864056,-0.18041450625676128,-0.9926650267944673,-1.8040010323702222,-5.3392259513989935e-08,-0.5521934716788426,3.67753079292847e-08,12.56020711813638,2.7869542431313956,8.405333085038476,2.985785433158293,0.0
-0.13737077798599043,0.31632957356864055,-0.1816020062567613,-0.9917224981295619,-1.8039491610684886,-2.5430485913478347e-06,-0.5522428519613956,3.634042032244314e-08,12.610207118136382,2.736954243131396,8.355333085038476,2.9357854331582933,0.0
-0.140455193570406,0.31514207356864055,-0.1827895062567613,-0.9907072252062542,-1.8038750889683608,-2.55905923066772e-06,-0.5523169015697417,3.428259055399187e-08,12.660207118136382,2.686954243131396,8.305333085038475,2.8857854331582935,0.0
-0.14353960915482158,0.31395457356864054,-0.1839770062567613,-0.9896274836990916,-1.8037733263099067,-3.814748368534775e-06,-0.5524174026945492,3.2435878858628055e-08,12.710207118136383,2.636954243131396,8.255333085038474,2.8357854331582937,0.0
-0.14662402473923716,0.31276707356864053,-0.1851645062567613,-0.9884909069493427,-1.803641097558039,-4.837594388669802e-06,-0.5525486033301054,3.077844718208258e-08,12.760207118136384,2.5869542431313963,8.205333085038474,2.785785433158294,0.0
-0.14970844032365274,0.3115795735686405,-0.18635200625676132,-0.9873045269353774,-1.803475009456701,-6.096528875368473e-06,-0.552713427744567,2.9290755621456958e-08,12.810207118136384,2.5369542431313965,8.155333085038473,2.735785433158294,0.0
-0.15279285590806832,0.3103920735686405,-0.18753950625676133,-0.9860748137836147,-1.803272240483871,-7.432835645701058e-06,-0.5529148561253319,2.7955316359397773e-08,12.860207118136385,2.4869542431313967,8.105333085038472,2.685785433158294,0.0
-0.1558772714924839,0.3092045735686405,-0.18872700625676134,-0.984807712521409,-1.8030301494386982,-8.886966551092761e-06,-0.5531554891755648,2.6756468125343133e-08,12.910207118136386,2.436954243131397,8.055333085038471,2.6357854331582944,0.0
-0.15896168707689948,0.3080170735686405,-0.18991450625676135,-0.9835086772885732,-1.8027463902717014,-1.0437835969972591e-05,-0.5534376939890208,2.56801823549842e-08,12.960207118136386,2.386954243131397,8.00533308503847,2.5857854331582946,0.0
-0.16204610266131506,0.3068295735686405,-0.19110200625676135,-0.982182703205906,-1.8024188681080808,-1.2083209142454514e-05,-0.5537635676379611,2.471388897028074e-08,13.010207118136387,2.336954243131397,7.955333085038471,2.5357854331582947,0.0
-0.16513051824573063,0.3056420735686405,-0.19228950625676136,-0.9808343560834303,-1.802045743951726,-1.3815460754602419e-05,-0.5541349567101667,2.384631883839284e-08,13.060207118136388,2.2869542431313974,7.905333085038471,2.485785433158295,0.0
-0.1682149338301462,0.3044545735686405,-0.19347700625676137,-0.9794678001361508,-1.8016254247662749,-1.5628682028353638e-05,-0.554553460120431,2.30673703861895e-08,13.110207118136389,2.2369542431313976,7.855333085038471,2.435785433158295,0.0
-0.1712993494145618,0.30326707356864047,-0.19466450625676138,-0.9780868238616282,-1.8011565577869844,-1.7516629944720566e-05,-0.5550204368491455,2.236798047408638e-08,13.16020711813639,2.1869542431313977,7.8053330850384715,2.3857854331582953,0.0
-0.17438376499897737,0.30207957356864046,-0.19585200625676139,-0.9766948642211666,-1.800638023584888,-1.9473283316372805e-05,-0.5555370123217767,2.174002105416984e-08,13.21020711813639,2.136954243131398,7.755333085038472,2.3357854331582955,0.0
-0.17746818058339295,0.30089207356864045,-0.1970395062567614,-0.9752950292549305,-1.800068929430721,-2.1492679117530257e-05,-0.55610408520835,2.1176199287541654e-08,13.26020711813639,2.086954243131398,7.705333085038472,2.2857854331582956,0.0
-0.18055259616780853,0.29970457356864044,-0.1982270062567614,-0.9738901192507248,-1.7994486025328442,-2.3568942802382566e-05,-0.5567223341549706,2.066996978968457e-08,13.310207118136391,2.0369542431313983,7.655333085038472,2.235785433158296,0.0
-0.1836370117522241,0.29851707356864043,-0.1994145062567614,-0.972482646576445,-1.7987765832626772,-2.569626931803385e-05,-0.5573922245771614,2.0215457088197454e-08,13.360207118136392,1.9869542431313982,7.605333085038472,2.185785433158296,0.0
-0.18672142733663968,0.2973295735686404,-0.20060200625676142,-0.971074854277241,-1.7980526183394543,-2.7868917176266194e-05,-0.5581140154808447,1.9807387701784632e-08,13.410207118136393,1.9369542431313982,7.555333085038472,2.135785433158296,0.0
-0.18980584292105526,0.2961420735686404,-0.20178950625676143,-0.9696687335301875,-1.7972766539829859,-3.0081199964445225e-05,-0.5588877663178946,1.9441025970873584e-08,13.460207118136394,1.8869542431313981,7.5053330850384725,2.0857854331582963,0.0
-0.19289025850547084,0.2949545735686404,-0.20297700625676143,-0.9682660400416784,-1.796448829034377,-3.23274794434473e-05,-0.5597133438721631,1.9112120241394746e-08,13.510207118136394,1.836954243131398,7.455333085038473,2.0357854331582965,0.0
-0.19597467408988642,0.2937670735686404,-0.20416450625676144,-0.9668683094657616,-1.7955694680477838,-3.460215867662911e-05,-0.5605904291744539,1.8816852649174536e-08,13.560207118136395,1.786954243131398,7.405333085038473,1.9857854331582965,0.0
-0.199059089674302,0.2925795735686404,-0.20535200625676145,-0.9654768719152224,-1.7946390743556466,-3.689967576394152e-05,-0.5615185244434259,1.855179331207362e-08,13.610207118136396,1.736954243131398,7.355333085038473,1.9357854331582964,0.0
-0.20214350525871758,0.2913920735686404,-0.20653950625676146,-0.9640928656313171,-1.7936583231105117,-3.921449806980568e-05,-0.562496960049429,1.8313862308508047e-08,13.660207118136396,1.686954243131398,7.305333085038473,1.8857854331582964,0.0
-0.20522792084313315,0.2902045735686404,-0.20772700625676147,-0.9627172498726221,-1.7926280543066861,-4.154111705593331e-05,-0.563524901497912,1.8100294239726435e-08,13.710207118136397,1.636954243131398,7.255333085038473,1.8357854331582963,0.0
-0.20831233642754873,0.28901707356864037,-0.20891450625676147,-0.9613508170784876,-1.7915492657854433,-4.3874043333258314e-05,-0.5646013564290723,1.790860451724454e-08,13.760207118136398,1.5869542431313979,7.205333085038474,1.7857854331582963,0.0
-0.2113967520119643,0.28782957356864036,-0.21010200625676148,-0.95999420435801,-1.7904231062272076,-4.620780241231479e-05,-0.5657251816298337,1.7736559874958906e-08,13.810207118136399,1.5369542431313978,7.155333085038474,1.7357854331582963,0.0
-0.2144811675963799,0.28664207356864035,-0.2112895062567615,-0.9586479043512234,-1.789250868134594,-4.853693095165654e-05,-0.5668950900544841,1.7582156550278185e-08,13.8602071181364,1.4869542431313978,7.105333085038474,1.6857854331582962,0.0
-0.21756558318079547,0.28545457356864035,-0.2124770062567615,-0.9573122755053741,-1.788033980810142,-5.085597339981438e-05,-0.5681096578502304,1.744359277150692e-08,13.9102071181364,1.4369542431313977,7.055333085038474,1.6357854331582962,0.0
-0.22064999876521105,0.28426707356864034,-0.2136645062567615,-0.9559875518056101,-1.7867740033323567,-5.315947944119196e-05,-0.5693673313836485,1.7319252489793356e-08,13.9602071181364,1.3869542431313977,7.005333085038474,1.5857854331582961,0.0
-0.22373441434962663,0.28307957356864033,-0.2148520062567615,-0.9546738519961807,-1.7854726175340512,-5.5442001701530385e-05,-0.5706664342645797,1.7207680704185766e-08,14.010207118136401,1.3369542431313977,6.9553330850384745,1.535785433158296,0.0
-0.2268188299340422,0.2818920735686403,-0.21603950625676152,-0.9533711883252973,-1.784131620986258,-5.769809447435002e-05,-0.5720051743634424,1.7107573413278525e-08,14.060207118136402,1.2869542431313976,6.905333085038475,1.485785433158296,0.0
-0.22990324551845778,0.2807045735686403,-0.21722700625676153,-0.9520794748440982,-1.7827529199915757,-5.992231269203322e-05,-0.5733816508188692,1.701775778331895e-08,14.110207118136403,1.2369542431313976,6.855333085038475,1.435785433158296,0.0
-0.23298766110287336,0.2795170735686403,-0.21841450625676154,-0.9507985352877003,-1.7813385225898781,-6.210921192597483e-05,-0.5747938610319553,1.693718126966223e-08,14.160207118136404,1.1869542431313975,6.805333085038475,1.385785433158296,0.0
-0.23607207668728894,0.2783295735686403,-0.21960200625676154,-0.9495281105640735,-1.7798905315797129,-6.425334893966275e-05,-0.5762397076442705,1.6864897064949407e-08,14.210207118136404,1.1369542431313975,6.755333085038475,1.335785433158296,0.0
-0.23915649227170452,0.2771420735686403,-0.22078950625676155,-0.9482678658744225,-1.7784111375580867,-6.634928310200691e-05,-0.5777170054966274,1.6800056450671483e-08,14.260207118136405,1.0869542431313974,6.705333085038475,1.2857854331582959,0.0
-0.2422409078561201,0.2759545735686403,-0.22197700625676156,-0.9470173974869034,-1.7769026119812656,-6.839157859450697e-05,-0.579223488566043,1.6741895755842427e-08,14.310207118136406,1.0369542431313974,6.6553330850384755,1.2357854331582958,0.0
-0.24532532344053568,0.2747670735686403,-0.22316450625676157,-0.9457762391838054,-1.77536730024882,-7.037480752225164e-05,-0.5807568168785563,1.668973090655094e-08,14.360207118136406,0.9869542431313973,6.605333085038476,1.1857854331582958,0.0
-0.24840973902495125,0.27357957356864027,-0.22435200625676158,-0.9445438684007987,-1.7738076148129454,-7.229355386413318e-05,-0.5823145833959322,1.664294610079782e-08,14.410207118136407,0.9369542431313973,6.555333085038476,1.1357854331582957,0.0
-0.25149415460936686,0.27239207356864026,-0.22553950625676158,-0.9433197120754526,-1.7722260283146198,-7.414241854502714e-05,-0.58389432087441,1.6600988888664882e-08,14.460207118136408,0.8869542431313973,6.505333085038476,1.0857854331582957,0.0
-0.25457857019378244,0.27120457356864025,-0.2267270062567616,-0.9421031522209713,-1.7706250667480532,-7.591602540450444e-05,-0.5854935086942654,1.6563363576459413e-08,14.510207118136409,0.8369542431313972,6.455333085038476,1.0357854331582956,0.0
-0.257662985778198,0.27001707356864024,-0.2279145062567616,-0.9408935312399603,-1.7690073026543958,-7.760902825968731e-05,-0.587109579659021,1.6529625523684138e-08,14.56020711813641,0.7869542431313972,6.405333085038476,0.9857854331582956,0.0
-0.2607474013626136,0.26882957356864023,-0.2291020062567616,-0.9396901569920084,-1.7673753483453898,-7.921611912696642e-05,-0.5887399267635567,1.6499374024211856e-08,14.61020711813641,0.7369542431313971,6.355333085038477,0.9357854331582955,0.0
-0.2638318169470292,0.2676420735686402,-0.23028950625676162,-0.9384923076279462,-1.7657318491574139,-8.073203756035187e-05,-0.5903819099307128,1.6472250375316478e-08,14.66020711813641,0.6869542431313971,6.305333085038477,0.8857854331582955,0.0
-0.26691623253144475,0.2664545735686402,-0.23147700625676162,-0.9372992362028116,-1.7640794767359258,-8.215158130117174e-05,-0.5920328627161844,1.6447932156277113e-08,14.710207118136411,0.636954243131397,6.255333085038477,0.8357854331582955,0.0
-0.27000064811586033,0.2652670735686402,-0.23266450625676163,-0.9361101750788151,-1.7624209223502216,-8.346961805139184e-05,-0.5936900989819759,1.642613085365612e-08,14.760207118136412,0.586954243131397,6.205333085038477,0.7857854331582954,0.0
-0.2730850637002759,0.2640795735686402,-0.23385200625676164,-0.9349243401289163,-1.7607588902379068,-8.468109867008682e-05,-0.5953509195387235,1.64065866477324e-08,14.810207118136413,0.536954243131397,6.155333085038477,0.7357854331582954,0.0
-0.2761694792846915,0.2628920735686402,-0.23503950625676165,-0.9337409347510399,-1.7590960909784379,-8.578107164810855e-05,-0.5970126187576698,1.638906665503722e-08,14.860207118136413,0.48695424313139696,6.1053330850384775,0.6857854331582953,0.0
-0.27925389486910707,0.2617045735686402,-0.23622700625676166,-0.9325591537024168,-1.7574352348946796,-8.676469905320402e-05,-0.5986724911531512,1.6373362602093756e-08,14.910207118136414,0.43695424313139697,6.055333085038478,0.6357854331582953,0.0
-0.28233831045352265,0.2605170735686402,-0.23741450625676166,-0.9313781867630652,-1.755779025481408,-8.762727372475751e-05,-0.6003278379368941,1.6359286146410978e-08,14.960207118136415,0.386954243131397,6.005333085038478,0.5857854331582952,0.0
-0.2854227260379382,0.25932957356864017,-0.23860200625676167,-0.9301972222370001,-1.7541301528592026,-8.836423810557597e-05,-0.6019759735452826,1.6346669332963954e-08,15.010207118136416,0.336954243131397,5.955333085038478,0.5357854331582952,0.0
-0.2885071416223538,0.25814207356864016,-0.23978950625676168,-0.9290154502993833,-1.7524912872523448,-8.897120435725152e-05,-0.6036142321413385,1.633536122025431e-08,15.060207118136416,0.286954243131397,5.905333085038478,0.4857854331582952,0.0
-0.2915915572067694,0.25695457356864015,-0.2409770062567617,-0.92783206619749,-1.7508650724888373,-8.944397613810766e-05,-0.6052399740929184,1.6325227247178503e-08,15.110207118136417,0.236954243131397,5.855333085038478,0.4357854331582952,0.0
-0.29467597279118496,0.25576707356864015,-0.2421645062567617,-0.9266462733130688,-1.7492541195209155,-8.977857164270235e-05,-0.6068505924291576,1.631614496664177e-08,15.160207118136418,0.18695424313139702,5.805333085038479,0.3857854331582952,0.0
-0.29776038837560054,0.25457957356864014,-0.2433520062567617,-0.9254572860934035,-1.747660999963918,-8.997124830926107e-05,-0.6084435192768872,1.6308005879896166e-08,15.210207118136418,0.13695424313139704,5.755333085038479,0.33578543315829523,0.0
-0.3008448039600161,0.25339207356864013,-0.2445395062567617,-0.9242643328581519,-1.7460882396516493,-9.001852889010973e-05,-0.6100162322791975,1.6300712034363854e-08,15.26020711813642,0.08695424313139703,5.705333085038479,0.28578543315829524,0.0
-0.3039292195444317,0.2522045735686401,-0.24572700625676172,-0.92306665848881,-1.7445383122061064,-8.991722901999809e-05,-0.6115662609981382,1.6294175944724956e-08,15.31020711813642,0.03695424313139703,5.655333085038479,0.23578543315829525,0.0
-0.3070136351288473,0.2510170735686401,-0.24691450625676173,-0.9218635270074748,-1.7430136326195576,-8.966448605059636e-05,-0.6130911933038021,1.628831947781646e-08,15.36020711813642,-0.013045756868602973,5.605333085038479,0.18578543315829527,0.0
-0.31009805071326285,0.2498295735686401,-0.24810200625676174,-0.9206542240513801,-1.741516550846715,-8.925778947696812e-05,-0.6145886817517237,1.6283071504633425e-08,15.410207118136421,-0.06304575686860298,5.5553330850384794,0.13578543315829528,0.0
-0.31318246629767843,0.2486420735686401,-0.24928950625676174,-0.9194380592495384,-1.7400493454050965,-8.869501246198474e-05,-0.6160564499509887,1.62783693003901e-08,15.460207118136422,-0.11304575686860298,5.50533308503848,0.08578543315829527,0.0
-0.316266881882094,0.2474545735686401,-0.2504770062567617,-0.9182143685076514,-1.738614216981375,-8.797444470340443e-05,-0.617492298925017,1.627415575338751e-08,15.510207118136423,-0.16304575686860298,5.45533308503848,0.03578543315829527,0.0
-0.3193512974665096,0.24626707356864008,-0.25166450625676173,-0.9169825162073207,-1.737213282041749,-8.709482642069632e-05,-0.6188941134672007,1.627038039711008e-08,15.560207118136423,-0.213045756868603,5.40533308503848,-0.014214566841704732,0.0
-0.32243571305092517,0.24507957356864007,-0.25285200625676174,-0.9157418973254446,-1.735848566444369,-8.605538337679694e-05,-0.6202598684934555,1.6266997283405963e-08,15.610207118136424,-0.263045756868603,5.35533308503848,-0.06421456684170473,0.0
-0.32552012863534074,0.24389207356864007,-0.25403950625676175,-0.9144919394795495,-1.7345219990519056,-8.485586284841828e-05,-0.6215876353936806,1.6263966840059002e-08,15.660207118136425,-0.313045756868603,5.30533308503848,-0.11421456684170474,0.0
-0.3286045442197563,0.24270457356864006,-0.25522700625676176,-0.9132321049046731,-1.73323540534244,-8.349657044395325e-05,-0.6228755883840478,1.6261251356129364e-08,15.710207118136426,-0.36304575686860296,5.2553330850384805,-0.16421456684170474,0.0
-0.3316889598041719,0.24151707356864005,-0.25641450625676177,-0.91196189236727,-1.7319905010169476,-8.1978407624373e-05,-0.6241220108619955,1.6258818382361894e-08,15.760207118136426,-0.41304575686860295,5.205333085038481,-0.21421456684170476,0.0
-0.3347733753885875,0.24032957356864004,-0.2576020062567618,-0.9106808390214758,-1.730788885601753,-8.030290975198023e-05,-0.6253253017657241,1.62566390666634e-08,15.810207118136427,-0.46304575686860294,5.155333085038481,-0.26421456684170475,0.0
-0.33785779097300306,0.23914207356864003,-0.2587895062567618,-0.9093885222129026,-1.7296320360444195,-7.847228453453572e-05,-0.6264839819398618,1.625468692081934e-08,15.860207118136428,-0.513045756868603,5.105333085038481,-0.31421456684170473,0.0
-0.34094220655741864,0.23795457356864003,-0.2599770062567618,-0.9080845612349917,-1.7285213003015754,-7.648945082596608e-05,-0.6275967005088342,1.6252937515121836e-08,15.910207118136428,-0.563045756868603,5.055333085038481,-0.3642145668417047,0.0
-0.3440266221418342,0.23676707356864002,-0.2611645062567618,-0.9067686190427703,-1.7274578909174405,-7.435807742782082e-05,-0.6286622412595376,1.6251370099382144e-08,15.96020711813643,-0.6130457568686031,5.005333085038481,-0.4142145668417047,0.0
-0.3471110377262498,0.23557957356864,-0.2623520062567618,-0.9054404039286792,-1.7264428785916976,-7.208262200707674e-05,-0.6296795290345482,1.624996580214829e-08,16.010207118136428,-0.6630457568686031,4.955333085038482,-0.4642145668417047,0.0
-0.35019545331066537,0.23439207356864,-0.2635395062567618,-0.9040996711649392,-1.7254771857356839,-6.966836975372559e-05,-0.6306476361372719,1.6248707812328692e-08,16.06020711813643,-0.7130457568686032,4.905333085038482,-0.5142145668417047,0.0
-0.35327986889508095,0.23320457356864,-0.2647270062567618,-0.9027462246167101,-1.724561580015808,-6.712147177608605e-05,-0.6315657887501311,1.624758053020209e-08,16.11020711813643,-0.7630457568686032,4.855333085038482,-0.5642145668417048,0.0
-0.35636428447949653,0.23201707356864,-0.26591450625676183,-0.9013799183300675,-1.7236966678832109,-6.444898322412444e-05,-0.6324333733667808,1.62465711150364e-08,16.16020711813643,-0.8130457568686033,4.805333085038482,-0.6142145668417048,0.0
-0.3594487000639121,0.23082957356863998,-0.26710200625676184,-0.9000006580985646,-1.722882888088922,-6.16589008372285e-05,-0.633249943239403,1.6245666642250802e-08,16.21020711813643,-0.8630457568686033,4.755333085038482,-0.6642145668417049,0.0
-0.3625331156483277,0.22964207356863997,-0.26828950625676184,-0.898608403011885,-1.7221205051835913,-5.876020020592546e-05,-0.6340152248417128,1.6244856056996534e-08,16.26020711813643,-0.9130457568686033,4.7053330850384825,-0.7142145668417049,0.0
-0.36561753123274326,0.22845457356863996,-0.26947700625676185,-0.8972031669897869,-1.7214096030012944,-5.576287240554154e-05,-0.6347291243485199,1.6244130119635732e-08,16.310207118136432,-0.9630457568686034,4.655333085038483,-0.764214566841705,0.0
-0.36870194681715884,0.22726707356863995,-0.27066450625676186,-0.8957850203042346,-1.7207500781265797,-5.267796053598584e-05,-0.6353917341321403,1.6243479391569894e-08,16.360207118136433,-1.0130457568686033,4.605333085038483,-0.814214566841705,0.0
-0.3717863624015744,0.22607957356863995,-0.27185200625676187,-0.8943540910922637,-1.720141633344469,-4.9517595844662754e-05,-0.6360033392762723,1.6242896388937027e-08,16.410207118136434,-1.0630457568686034,4.555333085038483,-0.8642145668417051,0.0
-0.37487077798599,0.22489207356863994,-0.2730395062567619,-0.892910566861766,-1.7195837710728161,-4.629503398084331e-05,-0.6365644241073836,1.6242373964993138e-08,16.460207118136434,-1.1130457568686034,4.505333085038483,-0.9142145668417051,0.0
-0.3779551935704056,0.22370457356863993,-0.2742270062567619,-0.8914546959919852,-1.7190757867766153,-4.302469183777394e-05,-0.6370756787435606,1.6241905857205244e-08,16.510207118136435,-1.1630457568686035,4.455333085038483,-0.9642145668417051,0.0
-0.38103960915482116,0.22251707356863992,-0.2754145062567619,-0.8899867892300981,-1.7186167623641673,-3.97221850442204e-05,-0.6375380056608504,1.624148683799649e-08,16.560207118136436,-1.2130457568686035,4.4053330850384835,-1.014214566841705,0.0
-0.38412402473923674,0.22132957356863991,-0.2766020062567619,-0.8885072211848075,-1.7182055595647392,-3.640436710177908e-05,-0.6379525262764625,1.6241111292646524e-08,16.610207118136437,-1.2630457568686035,4.355333085038484,-1.0642145668417051,0.0
-0.3872084403236523,0.2201420735686399,-0.2777895062567619,-0.8870164318173991,-1.717840813287636,-3.308937093346906e-05,-0.6383205875481502,1.6240774714904748e-08,16.660207118136437,-1.3130457568686036,4.305333085038484,-1.1142145668417052,0.0
-0.3902928559080679,0.2189545735686399,-0.2789770062567619,-0.8855149279302132,-1.7175209249628587,-2.9796653484057497e-05,-0.6386437685889499,1.6240473322588955e-08,16.710207118136438,-1.3630457568686036,4.255333085038484,-1.1642145668417052,0.0
-0.39337727149248347,0.2177670735686399,-0.2801645062567619,-0.8840032846519449,-1.7172440558632571,-2.654704508656994e-05,-0.6389238872956636,1.624020326032955e-08,16.76020711813644,-1.4130457568686037,4.205333085038484,-1.2142145668417053,0.0
-0.39646168707689905,0.21657957356863988,-0.28135200625676193,-0.8824821469186234,-1.7170081204086678,-2.336280460138543e-05,-0.6391630069895802,1.6239961156059133e-08,16.81020711813644,-1.4630457568686037,4.155333085038484,-1.2642145668417053,0.0
-0.39954610266131463,0.21539207356863987,-0.28253950625676194,-0.8809522309485376,-1.716810779452321,-2.0267682415755026e-05,-0.6393634430670695,1.6239744385191243e-08,16.86020711813644,-1.5130457568686038,4.105333085038485,-1.3142145668417053,0.0
-0.4026305182457302,0.21420457356863987,-0.28372700625676195,-0.8794143257087337,-1.7166494335502318,-1.7286993197502628e-05,-0.6395277696574376,1.6239550445619227e-08,16.91020711813644,-1.5630457568686038,4.055333085038485,-1.3642145668417054,0.0
-0.4057149338301458,0.21301707356863986,-0.28491450625676196,-0.8778692943700739,-1.716521216214306,-1.4447701049010805e-05,-0.6396588262846656,1.623937662554571e-08,16.96020711813644,-1.6130457568686039,4.005333085038485,-1.4142145668417054,0.0
-0.40879934941456136,0.21182957356863985,-0.28610200625676196,-0.8763180757471445,-1.7164229871502,-1.1778520005637313e-05,-0.6397597245290528,1.6239220973019e-08,17.010207118136442,-1.663045756868604,3.955333085038485,-1.4642145668417055,0.0
-0.41188376499897694,0.21064207356863984,-0.287289506256762,-0.8747616857185965,-1.7163513254811942,-9.31003332974781e-06,-0.6398338546840481,1.6239081512873278e-08,17.060207118136443,-1.713045756868604,3.9053330850384853,-1.5142145668417055,0.0
-0.4149681805833925,0.20945457356863983,-0.288477006256762,-0.8732012186227445,-1.7163025229595084,-7.074835866553943e-06,-0.6398848924025786,1.6238956178266805e-08,17.110207118136444,-1.763045756868604,3.8553330850384855,-1.5642145668417056,0.0
-0.4180525961678081,0.20826707356863983,-0.289664506256762,-0.8716378486224696,-1.7162725771667495,-5.107704402210425e-06,-0.6399168053262446,1.6238844146219033e-08,17.160207118136444,-1.813045756868604,3.8053330850384857,-1.6142145668417056,0.0
-0.4211370117522237,0.20707957356863982,-0.290852006256762,-0.8700728310326685,-1.7162571847054438,-3.445801786949118e-06,-0.6399338596896638,1.6238743584220407e-08,17.210207118136445,-1.863045756868604,3.755333085038486,-1.6642145668417057,0.0
-0.42422142733663926,0.2058920735686398,-0.292039506256762,-0.8685075036026334,-1.7162517343836616,-2.128921931807223e-06,-0.639940626890849,1.6238653732529196e-08,17.260207118136446,-1.9130457568686041,3.705333085038486,-1.7142145668417057,0.0
-0.42730584292105483,0.2047045735686398,-0.293227006256762,-0.8669432877448792,-1.7162513003950166,-1.199783845038468e-06,-0.6399419900171738,1.6238573174401255e-08,17.310207118136447,-1.9630457568686042,3.655333085038486,-1.7642145668417057,0.0
0.0,0.0,0.0,0.0,0.0,0.0,0.0,0.0,0.0,0.0,0.0,0.0,0.0
